ORGANIZATION_NAME,LOCATION_NAME,ADDRESS_1,ADDRESS_2,PHONE,EXT,CASE_MANAGEMENT,CRISIS_INTERVENTION,LEGAL_SERVICES,SAFETY_PLANNING,IMMIGRATION_SERVICES,EMERGENCY_OR_TRANSITIONAL_SHELTER,PERMANENT_HOUSING,HEALTH_CARE,MENTAL_HEALTH_COUNSELING,DRUG_ADDICTION_SCREENING_AND_TREATMENT,LANGUAGE_INTERPRETATION,PUBLIC_BENEFITS,JOB_TRAINING_AND_ECONOMIC_EMPOWERMENT,RESTORATIVE_JUSTICE,OTHER_SERVICE,INTIMATE_PARTNER_VIOLENCE,FAMILY_VIOLENCE,SEXUAL_ASSAULT,VIOLENT_CRIME,PROPERTY/FINANCIAL_CRIMES,AGE_0-5,AGE_5-24,AGE_25-60,AGE_60+,ELIGIBILITY_CRITERIA,MAIN_HOURS_OF_OPERATION,WEEKEND_HOURS_OF_OPERATION,SPANISH,ARABIC,BENGALI,CHINESE,FRENCH,HAITIAN-CREOLE,ITALIAN,KOREAN,POLISH,RUSSIAN,URDU,YIDDISH,OTHER_LANGUAGE,INTERPRETATION_SERVICE_OFFERED,REFERRAL_REQUIRED,CULTURAL_COMPETENCIES_SPECIALIZATIONS,,BOROUGH,LATITUDE,LONGITUDE,WEBSITE
Arab American Family Support Center,Brooklyn Family Justice Center,"350 Jay Street, 15th Floor","Brooklyn, NY 11201",718-250-5035,,1,1,1,1,1,,1,1,1,,1,1,1,1,,1,,1,,,1,1,1,,"Serves victims of intimate partner violence, elder abuse and/or sex trafficking",Monday - Friday: 9 am - 5 pm,,1,1,1,,,,,,,,1,,Hindi,1,,Arabic and South Asian communities,,Brooklyn,40.69347,-73.9881,http://www.aafscny.org/
Arab American Family Support Center,Staten Island Family Justice Center,126 Stuyvesant Place ,"Staten Island, NY 10301",718-697-4300,,1,1,1,1,1,1,1,1,1,,1,1,1,1,,1,,1,,,1,1,1,,"Serves victims of intimate partner violence, elder abuse and/or sex trafficking",Monday - Friday: 9 am - 5 pm,,,1,,,,,,,,,,,,1,,Arabic and South Asian communities,,Staten Island,40.642917,-74.077273,http://www.aafscny.org/
Arab American Family Support Center,Bronx Family Justice Center,198 E 161st Street ,"Bronx, NY 10451",718-508-1220,,1,1,1,1,1,1,1,1,1,,1,1,1,1,,1,,1,,,1,1,1,,"Serves victims of intimate partner violence, elder abuse and/or sex trafficking",Monday - Friday: 9 am - 5 pm,,,1,,,,,,,,,1,,"Hindi, Afghani",1,,Arabic and South Asian communities,,Bronx,40.825852,-73.921006,http://www.aafscny.org/
Arab American Family Support Center,Queens Family Justice Center,126-02 82nd Avenue ,"Kew Gardens, NY 11415",718-575-4545,,1,1,1,1,1,1,1,1,1,,1,1,1,1,,1,,1,,,1,1,1,,"Serves victims of intimate partner violence, elder abuse and/or sex trafficking",Monday - Friday: 9 am - 5 pm,,,1,,,,,,,,,,,,1,,Arabic and South Asian communities,,Queens,40.713429,-73.82753,http://www.aafscny.org/
Arab American Family Support Center,Manhattan Family Justice Center,80 Centre Street,"New York, NY 10013",212-602-2800,,1,1,1,1,1,1,1,1,1,,1,1,1,1,,1,,1,,,1,1,1,,"Serves victims of intimate partner violence, elder abuse and/or sex trafficking",Monday - Friday: 9 am - 5 pm,,,1,,,,,,,,,,,,1,,Arabic and South Asian communities,,Manhattan,40.715453,-74.00157,http://www.aafscny.org/
Association to Benefit Children,All Children's House: East Harlem,1841 Park Avenue,"New York, NY 10035",646-459-6164,,,1,,,,,,,,,,,,,,,1,1,1,,1,,,,Serves children under 5 years of age who are at risk of foster care placement,Call to inquire about hours of operation,,1,,,,,,,,,,,,,,,,,Manhattan,40.805699,-73.938004,http://www.a-b-c.org/
Association to Benefit Children,All Children's House: The Bronx,1366 Inwood Avenue ,"Bronx, NY 10452",929-288-4444,,,1,,,,,,,,,,,,,,,1,1,1,,1,,,,Serves children under 5 years of age who are at risk of foster care placement,Call to inquire about hours of operation,,1,,,,,,,,,,,,,,,,,Bronx,40.839864,-73.91882,http://www.a-b-c.org/
Association to Benefit Children,Cassidy's Place,419 E 86th Street,"New York, NY 10028",212-845-3821,,,1,,,,,,,1,,,,,,,,1,1,1,,1,,,,Call to confirm eligibility,Monday - Friday: 8 am - 3 pm,,1,,,,,,,,,,,,,,,,,Manhattan,40.776719,-73.948428,http://www.a-b-c.org/
Association to Benefit Children,Cody House,404 E 91st Street,"New York, NY 10128",212-369-2010,,,1,,,,,,,1,,,,,,,,1,1,1,,1,,,,Call to confirm eligibility,Monday - Friday: 8 am - 3 pm,,,,,,,,,,,,,,,,,,,Manhattan,40.77975,-73.946721,http://www.a-b-c.org/
Association to Benefit Children,Fast Break Echo Park,1841 Park Avenue,"New York, NY 10035",646-459-6165,,,1,,,,,,,1,,,,,,,,1,1,1,,1,1,,,Serves victims under 17 years of age,Call to inquire about hours of operation,,1,,,,1,,,,1,,,,,,,,,Manhattan,40.805699,-73.938004,http://www.a-b-c.org/
Association to Benefit Children,Fast Break Early Childhood Mental Health Clinic: The Bronx,1366 Inwood Avenue ,"Bronx, NY 10452",929-288-4320,,,1,,,,,,,1,,,,,,,,1,1,1,,1,,,,Serves children under 5 years of age ,Call to inquire about hours of operation,,1,,,,,,,,,,,,,,,,,Bronx,40.839864,-73.91882,http://www.a-b-c.org/
Association to Benefit Children,Fast Break Children's Mental Health Clinic: 115th Street,158 E 115th Street,"New York, NY 10029",646-459-6174,,,,,,,,,,1,,,,,,,,1,1,1,,1,1,,,Serves victims under 17 years of age,Call to inquire about hours of operation,,1,,,,,,,,,,,,,,,,,Manhattan,40.797602,-73.941899,http://www.a-b-c.org/
Association to Benefit Children,Graham School,1841 Park Avenue,"New York, NY 10035",646-459-6029,,,1,,,,,,,1,,,,,,,,1,1,1,,1,,,,Call to confirm eligibility,Monday - Friday: 8 am - 3 pm,,,,,,,,,,,,,,,,,,,Manhattan,40.805699,-73.938004,http://www.a-b-c.org/
Association to Benefit Children,Keith Haring School,318 E 116th Street,"New York, NY 10029",212-426-3960 ,1,,1,,,,,,,1,,,,,,,,1,1,1,,1,,,,Serves students enrolled at the Keith Haring School,Monday - Friday: 8 am - 3 pm,,,,,,,,,,,,,,,,,,,Manhattan,40.796367,-73.936949,http://www.a-b-c.org/
Association to Benefit Children,Merricat's Castle School,316 E 88th Street,"New York, NY 10128 ",212-534-3656,,,1,,,,,,,1,,,,,,,,1,1,1,,1,,,,"Serves children of preschool age, call to confirm eligibility",Call to inquire about hours of operation,,,,,,,,,,,,,,,,,,,Manhattan,40.77837,-73.949614,http://www.a-b-c.org/
Association to Benefit Children,Open Door/Saturday Program,1841 Park Avenue ,"New York, NY 10035",646-459-6149,,,,,,1,,,,,,,,,,,,1,1,1,,1,1,,,,Monday - Friday: 9 am - 5 pm,Call to inquire about weekend hours of operation,1,,,,,,,,,,,,,,,,,Manhattan,40.805699,-73.938004,http://www.a-b-c.org/
Association to Benefit Children,Supportive Housing,318 E 116th Street,"New York, NY 10029",212-426-3960 ,3,,,,,,,1,,,,,,,,,,1,1,1,,1,1,,,Serves families living with HIV/AIDS,Monday - Friday: 9 am - 5 pm,,1,,,,,,,,,,,,,,,,,Manhattan,40.796367,-73.936949,http://www.a-b-c.org/
Association to Benefit Children,Youth Services,1841 Park Avenue ,"New York, NY 10035",646-459-6175,,,1,,,,,,,1,,,,,,,,1,1,1,,,1,,,Call to confirm eligibility,Monday - Friday: 2:30 pm - 6:00 pm (school year),,1,,,,,,,,,,,,,,,,,Manhattan,40.805699,-73.938004,http://www.a-b-c.org/
Atlas DIY Corporation,Brooklyn Office,"462 36th Street, Suite PH-B ","Brooklyn, NY 11232",347-599-1641,,,1,1,1,1,,,,,,,,1,,,1,1,1,1,,,1,,,Serves immigrant youth 14-24 years of age,Monday - Friday: 10 am - 6 pm,,1,,,,,,,,,,,,,,,,,Brooklyn,40.653274,-74.002716,http://www.atlasdiy.org/
Barrier Free Living,,637 E 138th Street ,"Bronx, NY 10454",929-281-2261,,1,,,1,,,1,,1,,,1,,,,1,1,,,,1,1,1,1,"Serves residents of supportive housing, call to confirm eligibility",Monday - Friday: 9 am - 7 pm,Saturday: 10 am - 5 pm,1,,,,,,,,,,,,,,,Communities of people with physical or mental disabilities ,,Bronx,40.805832,-73.915145,https://www.bflnyc.org
Bronx Legal Services,,"349 E 149th Street, 10th Floor","Bronx, NY 10451",718-928-3700,,1,1,1,1,1,,,,,,1,1,,,,1,1,1,,,1,1,1,1,Call to confirm eligibility,Monday - Friday: 9 am - 5 pm,,1,1,1,1,1,1,1,1,1,1,1,1,,1,,,,Bronx,40.816885,-73.919695,http://www.legalservicesnyc.org/our-program/bronx
Bronx Legal Services (LSNY-Bronx Corporation),,"349 E 149th Street, 10th Floor","Bronx, NY 10451",718-928-2874,,,1,1,1,1,,,,,,,,,,Office of Victim Services claim application assistance,1,1,1,1,1,1,1,1,1,,Monday - Friday: 9 am - 5 pm,,1,1,1,1,1,1,1,1,1,1,1,1,,1,,,,Bronx,40.816885,-73.919695,http://www.legalservicesnyc.org/our-program/bronx
Bronx Legal Services (LSNY-Bronx Corporation),Bronx Family Justice Center,198 E 161st Street,"Bronx, NY 10451",718-508-1222,,,,1,,,,,,,,,,,,,1,,,,,1,1,1,1,"Serves victims of intimate partner violence, elder abuse and/or sex trafficking",Wednesday: 9 am - 5 pm,,1,1,1,1,1,1,1,1,1,1,1,1,,1,,,,Bronx,40.825852,-73.921006,http://www1.nyc.gov/site/ocdv/programs/family-justice-centers.page
"Bronxworks, Inc.",Heights Neighborhood Senior Center,200 W Tremont Avenue,"Bronx, NY 10453",718-299-0300,,1,1,,1,,,,,1,,1,1,,,Office of Victim Services claim application assistance,1,1,,,1,,,,1,Serves victims who are 60 years of age or older,Monday - Friday: 8:30 am - 4:30 pm ,,1,,,,,,,,,,,,,1,,,,Bronx,40.851833,-73.917135,http://www.bronxworks.org/
Brooklyn Legal Services,,"105 Court Street, 3rd Floor","Brooklyn, NY 11201",718-237-5500,,1,1,1,1,1,,,,,,1,1,,,,1,1,1,,,1,1,1,1,Call to confirm eligibility,Monday - Friday: 9 am - 5 pm,,1,1,1,1,1,1,1,1,1,1,1,1,,1,,,,Brooklyn,40.690776,-73.991542,http://www.legalservicesnyc.org/our-program/brooklyn
Brooklyn Legal Services Corporation A,Shriver Tyler MacCrate Center for Justice,"260 Broadway, Suite 2","Brooklyn, New York11211",718-487-2322,,,,1,,,,,,,,,,,,,1,1,1,1,1,1,1,1,1,,Monday - Friday: 9 am - 5 pm,,1,1,1,1,1,1,1,1,1,1,1,1,,1,,,,Brooklyn,40.708756,-73.959611,http://bka.org/
Brooklyn Legal Services Corporation A,Bed-Stuy Office,619 Throop Avenue  ,"Brooklyn, NY 11216",718-487-2300,,,,1,,,,,,,,,,,,,1,1,1,1,1,1,1,1,1,,Monday - Friday: 9 am - 5 pm,,1,1,1,1,1,1,1,1,1,1,1,1,,1,,,,Brooklyn,40.680861,-73.940309,http://bka.org/
"CAMBA, Inc.",,885 Flatbush Avenue ,"Brooklyn, NY 11226",718-287-2600�,,1,1,0,1,1,0,0,0,1,0,0,0,0,0,,1,0,1,1,1,1,1,1,1,,Monday - Friday: 9 am - 5 pm,,1,,,,,,,,,,,,,,,Immigrant communities,,Brooklyn,40.650225,-73.958274,https://www.camba.org/
Cardinal McCloskey Community Services,,529 Courtlandt Avenue ,"Bronx, NY 10451",718-993-7700,,1,1,,,,,,1,1,,,,,,,1,1,1,1,,1,1,1,1,Serves victims who are part of Cardinal McCloskey Community Services foster care or prevention programs,Monday - Friday: 9 am - 7 pm,,1,,,,,,,,,,,,,,,,,Bronx,40.816125,-73.920019,http://www.cmcs.org/
Carter Burden Network - CEMAPP,,312 E 109th Street,"New York, NY 10029",917-409-1261,,1,,,1,,,,,1,,,1,,,,1,1,,,,,,,1,Serves victims who are 60 years of age or older,Monday - Friday: 9 am - 5 pm,,1,,,1,,,,,,,,,,,,,,Manhattan,40.792149,-73.940354,http://www.carterburdennetwork.org/
"Catholic Charities Neighborhood Services, Inc.",Flatbush Addiction Treatment Center ,1463 Flatbush Avenue,"Brooklyn, NY 11210",718-951-9009,,0,1,0,0,0,0,0,0,1,1,0,0,0,0,,1,1,0,0,0,1,1,1,1,,Monday - Friday: 9 am - 6 pm,Saturday: 9 am - 1 pm,0,0,0,0,0,0,0,0,0,0,0,0,,,,,,Brooklyn,40.634866,-73.949458,https://www.ccbq.org/
"Catholic Charities Neighborhood Services, Inc.",Corona Behavioral Health Center ,91-14 37th Avenue ,"Jackson Heights, NY 11372",718-779-1600,,0,1,0,0,0,0,0,0,1,1,0,0,0,0,,1,1,0,0,0,1,1,1,1,,Monday - Friday: 9 am - 8 pm,Saturday-Sunday: 9 pm - 5 pm,1,0,0,0,0,0,0,0,0,0,0,0,,,,Immigrant communities,,Queens,40.750569,-73.875238,https://www.ccbq.org/
"Catholic Charities Neighborhood Services, Inc.",Glendale Mental Health Clinic,67-29 Myrtle Avenue,"Glendale, NY 11385",718-456-7001,,0,1,0,0,0,0,0,0,1,1,0,0,0,0,,1,1,0,0,0,1,1,1,1,,Monday - Friday: 9 am - 8 pm,,0,0,0,0,0,0,0,0,0,0,0,0,,,,,,Queens,40.701774,-73.885502,https://www.ccbq.org/
"Catholic Charities Neighborhood Services, Inc.",Bohan-Denton Flatlands Guidance Center,"2037 Utica Avenue, Second Floor","Brooklyn, NY 11234",718-377-5755,,0,1,0,0,0,0,0,0,1,1,0,0,0,0,,1,1,0,0,0,1,1,1,1,,Monday - Friday: 9 am - 8 pm,,0,0,0,0,0,0,0,0,0,1,0,0,,,,,,Brooklyn,40.622338,-73.926914,https://www.ccbq.org/
"Catholic Charities Neighborhood Services, Inc.",Rockaway Mental Health Clinic,1847 Mott Avenue ,"Far Rockaway, NY 11691",718-337-6800,,0,1,0,0,0,0,0,0,1,1,0,0,0,0,,1,1,0,0,0,1,1,1,1,,Monday - Friday: 9 am - 8 pm,,1,0,0,0,0,1,0,0,0,1,0,0,,,,,,Queens,40.603296,-73.75153,https://www.ccbq.org/
"Catholic Charities Neighborhood Services, Inc.",Jamaica Behavioral Health Center,"161-10 Jamaica Avenue, 2nd Floor","Jamaica, NY 11432",718-804-1682,,0,1,0,0,0,0,0,0,1,1,0,0,0,0,,1,1,0,0,0,1,1,1,1,,Monday - Friday: 9 am - 8 pm,Saturday-Sunday: 9 pm - 5 pm,1,0,0,0,0,0,0,0,0,1,0,0,,,,,,Queens,40.703789,-73.7978,https://www.ccbq.org/
Center Against Domestic Violence,Administrative Office,"25 Chapel Street, Suite #904 ","Brooklyn, NY 11201",718-290-5154,,1,1,,1,1,1,,,,,1,1,,,,1,1,1,1,1,1,1,1,1,,Monday - Friday: 9 am - 5 pm,,1,,,,,1,,,,,,,,1,,Latino/a communities,,Brooklyn,40.697333,-73.986052,http://www.cadvny.org/
Center for Family Representation,Manhattan Headquarters,"40 Worth Street, Suite 605 ","New York, NY 10013",212-691-0950,,1,,1,,,,,,,,,,,,,,1,,,,1,1,1,1,Call to confirm eligibility ,Monday - Friday: 9 am - 5 pm,,1,,,1,1,,,1,,,1,,,,Queens and Manhattan Family Courts,,,Manhattan,40.717103,-74.007019,http://www.cfrny.org/
Center for Family Representation,Queens Community Office,"89-14 Parsons Boulevard , 2nd Floor","Jamaica, NY 11432",212-691-0950,,1,,1,,,,,,,,,,,,,,1,,,,1,1,1,1,Call to confirm eligibility ,Monday - Friday: 9 am - 5 pm,,1,,,1,1,,,,,,1,,,,Queens and Manhattan Family Courts,,,Queens,40.705193,-73.802246,http://www.cfrny.org/
Child Center of New York,Preparatory Academy For Writers - M.S. 283,143-10 Springfield Boulevard ,"Laurelton, NY 11413",718-949-8405 ,1321,,1,,,,,,,1,,,,,,,,1,,,,1,1,,,,Call to inquire about hours of operation,,,,,,,,,,,,,,,,,,,Queens,40.668105,-73.757899,http://childcenterny.org/
Child Center of New York,August Martin HS,156-10 Baisley Boulevard ,"Jamaica, NY 11434",718-528-2920 ,1472,,1,,,,,,,1,,,,,,,,1,,,,1,1,,,,Call to inquire about hours of operation,,,,,,,,,,,,,,,,,,,Queens,40.674764,-73.783233,http://childcenterny.org/
Child Center of New York,Beach 41 Cornerstone,426 Beach 40th Street,"Far Rockaway, NY 11691",347-246-9759,,,1,,,,,,,1,,,,,,,,1,,,,1,1,,,,Call to inquire about hours of operation,,,,,,,,,,,,,,,,,,,Queens,40.596424,-73.77174,http://childcenterny.org/
Child Center of New York,Waterside Community School - M.S. 318,190 Beach 110th Street,"Rockaway Park, NY 11694",718-634-1128 ,2072,,1,,,,,,,1,,,,,,,,1,,,,1,1,,,,Call to inquire about hours of operation,,,,,,,,,,,,,,,,,,,Queens,40.580907,-73.83136,http://childcenterny.org/
Child Center of New York,P.S. 273Q,88-07 102nd Street ,"Richmond Hill, NY 11418",718-286-8305,,,1,,,,,,,1,,,,,,,,1,,,,1,1,,,,Call to inquire about hours of operation,,,,,,,,,,,,,,,,,,,Queens,40.693412,-73.844543,http://childcenterny.org/
Child Center of New York,P.S. 15Q,121-15 Lucas Street,"St. Albans, NY 11413",718-525-1670 ,1010,,1,,,,,,,1,,,,,,,,1,,,,1,1,,,,Call to inquire about hours of operation,,,,,,,,,,,,,,,,,,,Queens,40.685998,-73.756807,http://childcenterny.org/
Child Center of New York,P.S. 197Q,825 Hicksville Road ,"Far Rockaway, NY 11691",718-327-1083 ,1243,,1,,,,,,,1,,,,,,,,1,,,,1,1,,,,Call to inquire about hours of operation,,,,,,,,,,,,,,,,,,,Queens,40.599987,-73.743995,http://childcenterny.org/
Child Center of New York,Corona Arts and Science Academy,98-11 44th Avenue ,"Corona, NY 11368",718-507-3848,,,1,,,,,,,1,,,,,,,,1,,,,1,1,,,,Call to inquire about hours of operation,,,,,,,,,,,,,,,,,,,Queens,40.747496,-73.859915,http://childcenterny.org/
Child Center of New York,"Queens HS for Information, Research, and Technology",825 Bay 25th Street ,"Far Rockaway, NY 11691",718-868-2978,,,1,,,,,,,1,,,,,,,,1,,,,1,1,,,,Call to inquire about hours of operation,,,,,,,,,,,,,,,,,,,Queens,40.602257,-73.763685,http://childcenterny.org/
Child Center of New York,Queens Satellite High School,162-02 Hillside Avenue,"Jamaica, NY 11432",718-657-3920,,,1,,,,,,,1,,,,,,,,1,,,,1,1,,,,Call to inquire about hours of operation,,,,,,,,,,,,,,,,,,,Queens,40.708284,-73.799558,http://childcenterny.org/
Child Center of New York,Flushing High School,35-01 Union Street ,"Flushing, NY 11355",718-888-7500 ,6227,,1,,,,,,,1,,,,,,,,1,,,,1,1,,,,Call to inquire about hours of operation,,,,,,,,,,,,,,,,,,,Queens,40.764859,-73.82728,http://childcenterny.org/
Child Center of New York,Home and Community-Based Services Waiver,"118-35 Queens Boulevard , 6th Floor","Forest Hills, NY 11375",718-734-2591 ,2591,1,1,,1,,,,,,,1,,,,,,1,,,,1,1,,,,Monday - Friday: 10 am - 6 pm,,1,,,,,,,,,,,,,,,,,Queens,40.715202,-73.830724,http://childcenterny.org/
Child Center of New York,Home Based Crisis Intervention,"118-35 Queens Boulevard , 6th Floor","Forest Hills, NY 11375",718-734-2591 ,2591,1,1,,1,,,,,,,1,,,,,,1,,,,1,1,,,,Monday - Friday: 10 am - 6 pm,,1,,,,,,,,,,,,,,,,,Queens,40.715202,-73.830724,http://childcenterny.org/
Child Center of New York,Step-Down,"118-35 Queens Boulevard , 6th Floor","Forest Hills, NY 11375",718-734-2591 ,2591,1,1,,1,,,,,,,1,,,,,,1,,,,1,1,,,,Monday - Friday: 10 am - 6 pm,,1,,,,,,,,,,,,,,,,,Queens,40.715202,-73.830724,http://childcenterny.org/
Child Center of New York,Hank Auffarth Family Center,"118-35 Queens Boulevard , 6th Floor","Forest Hills, NY 11375",718-673-8961 ,8961,1,1,,1,,,,,,,1,,,,,,1,,,,1,1,,,,Monday - Friday: 9 am - 8 pm,,1,,,1,,,,,,,,,,,,,,Queens,40.715202,-73.830724,http://childcenterny.org/
Child Center of New York,Trude Weishaupt ,140-15 Sanford Avenue  ,"Flushing, NY 11355",718-673-8961 ,8961,1,1,,1,,,,,,,1,,,,,,1,,,,1,1,,,,Monday - Friday: 9 am - 8 pm,,1,,1,,,,,,,,,,,,,,,Queens,40.75768,-73.82655,http://childcenterny.org/
Child Center of New York,Basie Beacon Preventive,133-25 Guy R Brewer Boulevard  #117 ,"Jamaica, NY 11434",718-673-8961 ,8961,1,1,,1,,,,,,,1,,,,,,1,,,,1,1,,,,Monday - Friday: 9 am - 8 pm,,1,,,1,,,,,,,,,,,,,,Queens,40.675331,-73.777073,http://childcenterny.org/
Child Center of New York,Jamaica Family Center- Preventive,"118-35 Queens Boulevard , 6th Floor","Forest Hills, NY 11375",718-673-8961 ,8961,1,1,,1,,,,,,,1,,,,,,1,,,,1,1,,,,Monday - Friday: 9 am - 8 pm,,1,,,,,,,,,,,,,,,,,Queens,40.715202,-73.830724,http://childcenterny.org/
Child Center of New York,Health Homes,"118-35 Queens Boulevard , 6th Floor","Forest Hills, NY 11375",718-734-2591 ,2591,1,1,,1,,,,,,,1,,,,,,1,,,,1,1,,,,Monday - Friday: 10 am - 6 pm,,1,,,,,1,,,,,,,,,,,,Queens,40.715202,-73.830724,http://childcenterny.org/
Child Center of New York,,"118-35 Queens Boulevard , 6th Floor","Forest Hills, NY 11375",718-651-7770,,1,1,,1,1,,,,1,1,1,1,1,1,Child care services,,1,,,,1,1,,,,Monday - Friday: 9 am - 6 pm,Call to inquire about weekend hours of operation,1,1,1,1,1,1,,1,,1,1,1,,,,,,Queens,40.715202,-73.830724,http://childcenterny.org/
Children's Aid Society-Family Wellness Program,Lord Memorial Building,150 E 45th Street,"New York, NY 10017",212-503-6829,,1,1,0,1,0,0,0,0,1,0,0,0,0,0,Office of Victim Services claim application assistance,1,0,,,,1,1,1,,Call to confirm eligibility ,Monday - Friday: 9 am - 8 pm,,1,,,,,,,,,,,,,,,"Immigrant communities
",,Manhattan,40.752771,-73.973718,http://www.childrensaidsociety.org/
Children's Aid Society-Family Wellness Program,Dunlevey Milbank Community Center,14-32 W 118th Street,"New York, NY 10026",212-996-1716,,1,1,,1,,,,,,,,,1,,Office of Victim Services claim application assistance,1,1,,,,1,1,1,,Serves Harlem residents ,Monday - Friday: 9 am - 5 pm,,1,,,,,,,,,,,,,,,"Immigrant communities
",,Manhattan,40.802332,-73.946976,http://www.childrensaidsociety.org/
Children's Aid Society-Family Wellness Program,Fort Washington Avenue Armory (non-Children's Aid site),216 Fort Washington Avenue ,"New York, NY 100322",212-923-1803 ,7401,1,1,,1,,,,,,,,,1,,Office of Victim Services claim application assistance,1,,,,,1,1,1,,,Monday - Friday: 9 am - 5 pm,,1,,,,,,,,,,,,,,,"Immigrant communities
",,Manhattan,40.842105,-73.941251,http://www.childrensaidsociety.org/
Children's Aid Society-Family Wellness Program,Bronx HUB,"369 E 148th Street, 2nd Floor","Bronx, NY 10455",347-708-8475,,1,1,,1,,,,,1,,,,1,,Office of Victim Services claim application assistance,1,,,,,1,1,1,,Call to confirm eligibility ,Monday - Friday: 9 am - 7 pm,,1,,,,,,,,,,,,,,,"Immigrant communities
",,Bronx,40.815919,-73.919094,http://www.childrensaidsociety.org/
"Community Agency for Senior Citizens, Inc.",,"56 Bay Street, 5th Floor","Staten Island, NY 10301",718-981-6226,,1,1,,1,,,,,,,,1,,,Transportation services,1,1,1,1,1,,,,1,Serves victims who are 60 years of age or older,Monday - Friday: 9 am - 5 pm,,1,,,,,,,,,1,,,,1,,Older adults and seniors,,Staten Island,40.64072,-74.076019,https://www.nyconnects.ny.gov/providers/community-agency-for-senior-citizens-inc-sofanysp1059
Community Mediation Services,,89-64 163rd Street,"Jamaica, NY 11432",718-523-6868,,1,1,1,,,,,,,,,,,1,Mediation services,,1,,,1,1,1,1,1,,Monday - Friday: 9 am - 5 pm,,1,,,,1,1,,,,,,,,,,,,Queens,40.705273,-73.797409,http://mediatenyc.org/
Community Solutions Inc.,Youth Services,"90-04 161st Street, Suite 807","Jamaica, NY 11432",347- 561-9072,,1,1,,1,,,,,1,,1,,,,,1,1,1,1,1,1,1,,,Serves victims who are under 18 years of age,Monday - Friday: 9 am - 5 pm,Call to inquire about weekend hours of operation,1,,,,,,,,,,1,,,1,Administration for Children's Services (ACS) ,,,Queens,40.705151,-73.79966,http://www.csi-online.org/youth_services/
Comprehensive Family Services,Comprehensive Therapeutic Services,"280 Madison Avenue, Suite 1204","New York, NY 10016",212-658-0977,,,1,,1,,,,,1,1,,,,,,1,1,1,1,,1,1,1,1,Call to confirm eligibility,Monday - Friday: 9 am - 9 pm.,Saturday: 9 am - 1 pm,1,,,,,,,,,,,,,,,,,Manhattan,40.751431,-73.980664,http://cfs-nyc.com/
Crime Victims Support Services of the North Bronx Inc.,,1138 Neill Avenue,"Bronx, NY 10461",718-823-4925,,1,1,,1,,,,,,,,,,,"Claim Assistance, Emergency Lock Replacement",1,1,1,1,,1,1,1,1,Must obtain a police report/complaint number for claims assistance  ,Monday - Friday: 9 am - 4:30 pm,,1,,,,,,,,,,,,,,Police report/claim number,,,Bronx,40.853903,-73.854448,https://www.guidestar.org/profile/32-0138249
Crime Victims Treatment Center,,126 W 60th Street,"New York, NY 10023",212-523-4728,,0,1,1,1,1,0,0,1,1,0,1,0,0,1,,1,1,1,1,1,1,1,1,1,,Monday - Friday: 9 am - 5 pm,,1,,,,,,,,,,,,Hebrew,,,LGBTQ and intimate partner violence survivors,,Manhattan,40.770391,-73.985822,http://www.cvtcnyc.org/
Edith and Carl Marks Jewish Community House of Bensonhurst,,7802 Bay Parkway,"Brooklyn, NY 11214",718-943-6349,,1,1,,1,,,,,,,1,1,1,,,1,1,,,,1,1,1,1,,Monday - Friday: 9 am - 5 pm,,,,,,,,,,,1,,,,,,Immigrants from the former Soviet Union,,Brooklyn,40.606368,-73.989749,http://www.jchb.org/
Edwin Gould Services for Children and Families (STEPS to End Family Violence),,413 E 120th Street,"New York, NY 10035",646-621-7342,,1,1,0,1,0,0,0,0,1,0,1,0,1,0,,1,1,,,,1,1,1,,,Monday - Friday: 10 am - 6 pm,,1,,,,,,,,,,,,,,,Intimate partner violence survivors,,Manhattan,40.798398,-73.932541,http://www.egscf.org/
"Food First Family Project, Inc.",,165 Conover Street,"Brooklyn, NY 11231",718-624-1950,,1,1,,1,,1,,,,,,,,,Child care services,1,1,,,,1,1,1,,,Open 24 hours,Open 24 hours,1,,,,,,,,,,1,,,,,,,Brooklyn,40.678205,-74.013514,http://www.foodfirstinc.com/
"Forestdale, Inc.",,67-35 112th Street,"Forest Hills, NY 11375",718-263-0740,,1,1,,,,,,1,1,1,1,,1,,,1,1,1,1,1,1,1,1,,,Monday - Friday: 9 am - 5 pm,Call to inquire about weekend hours of operation,1,,,1,1,1,,,,,,,"Hindi, Nepali, Pashto",,,,,Queens,40.729223,-73.842309,http://www.forestdaleinc.org/
"Forestdale, Inc.",,203-09 Hollis Avenue,"Hollis, NY 11412",718-263-0740,,1,1,,,,,,1,1,1,1,,1,,,1,1,1,1,1,1,1,1,,,Monday - Friday: 9 am - 5 pm,Call to inquire about weekend hours of operation,1,,,1,1,1,,,,,,,,,,,,Queens,40.706803,-73.754407,http://www.forestdaleinc.org/
Garden of Hope,Queens Family Justice Center,126-02 82nd Avenue ,"Kew Gardens, NY 11415",877-990-8595,,1,1,1,1,1,1,,,1,,1,1,1,,,1,,1,1,,1,1,1,,"Serves victims of intimate partner violence, elder abuse and/or sex trafficking",Monday - Friday: 9 am - 5 pm,,,,,1,,,,,,,,,Cantonese,,,Asian communities,,Queens,40.713429,-73.82753,http://www.gohny.org/
Garden of Hope,Brooklyn Family Justice Center,"350 Jay Street, 16th Floor","Brooklyn, NY 11201",877-990-8595,,1,1,1,1,1,1,,,1,,1,1,1,,,1,,1,1,,1,1,1,,"Serves victims of intimate partner violence, elder abuse and/or sex trafficking",Monday - Friday: 9 am - 5 pm,,,,,1,,,,,,,,,Cantonese,,,Asian communities,,Brooklyn,40.69347,-73.9881,http://www.gohny.org/
Graham Windham,Manhattan Mental Health Clinic,274 W 145th Street,"New York, NY 10039",212-368-4100 ,7123,,1,,1,,,,,1,,,,,,,1,1,1,1,,,1,,,"Serves victims 4-25 years of age, call to confirm eligibility","Monday - Thursday: 9 am - 8 pm
Friday: 9 am - 5 pm",Saturday-Sunday: 10 am - 4 pm,1,,,,,,,,,,,,,,,,,Manhattan,40.822483,-73.941496,www.graham-windham.org
Graham Windham,Brief Stratetgic Family Therapy Preventive Services,274 W 145th Street,"New York, NY 10039",212-368-4100 ,7130,1,1,,1,,,,,1,,1,1,,,,1,1,1,1,,,1,,,Serves victims 10-18 years of age who are enrolled in a Graham Windham preventive program,Monday - Friday: 11 am - 7 pm,Call to inquire about weekend hours of operation,1,,,,,,,,,,,,,,,,,Manhattan,40.822483,-73.941496,www.graham-windham.org
Graham Windham,Family Treatment and Rehabilitation,540 Atlantic Avenue,"Brooklyn, NY 11217",718-294-1715 ,4150,1,1,,1,,,,,,1,1,1,,,,1,1,1,1,,1,1,1,,Call to confirm eligibility,Monday - Friday: 11 am - 7 pm,Call to inquire about weekend hours of operation,1,,,,1,1,,,,,,,,,,,,Brooklyn,40.684822,-73.980279,www.graham-windham.org
Graham Windham,General Preventive,1946 Webster Avenue,"Bronx, NY ",718-875-1167 ,3356,1,1,,1,,,,,,1,1,1,,,,1,1,1,1,,1,1,,,Serves victims with children under 18 years of age at risk of foster care placement,Monday - Friday: 9 am - 8 pm,Call to inquire about weekend hours of operation,1,,,,,,,,,,,,,,,,,Bronx,40.848907,-73.899981,www.graham-windham.org
"HANAC, Inc.",Victim Assistance Program,27-40 Hoyt Avenue South,"Astoria, NY 11102",718-728-3811,,1,0,1,0,1,0,0,0,0,1,1,0,1,0,,1,1,1,1,0,1,1,1,1,,Monday - Friday: 9 am - 5 pm,,1,,,,,,,,,,,,Greek,,,,,Queens,40.771155,-73.919255,http://hanac.org/
HeartShare St. Vincent's Services,Outpatient Mental Health Clinic ,"66 Boerum Place, 1st Floor","Brooklyn, NY 11201",718-522-6011 ,,0,1,0,1,0,0,0,0,1,1,0,0,0,0,,1,1,1,1,1,1,1,1,1,,Monday - Friday: 9 am - 9 pm,Saturday-Sunday: 10 am - 3 pm,1,,,,,,,,,1,,,,,,,,Brooklyn,40.689677,-73.990658,https://hsvsnyc.org/
HeartShare St. Vincent's Services,Outpatient Mental Health Clinic ,"89-31 161st Street, 4th Floor","Jamaica, NY",718-206-0218,,,1,,1,1,,,,1,1,,,,,,1,1,1,1,1,1,1,1,1,,Monday - Friday: 9 am - 9 pm,Saturday-Sunday: 10 am - 3 pm,1,,,,,,,,,,,,,,,,,Queens,40.70559,-73.79918,https://hsvsnyc.org/
HeartShare St. Vincent's Services,Special Medical Preventive Services,66 Boerum Place,"Brooklyn, NY 11201",718-422-2455,,1,1,,1,,,,1,1,,,1,,,,1,1,,,,1,1,1,1,,Monday - Friday: 9 am - 5 pm,,1,,,,,,,,,,,,,,,,,Brooklyn,40.689677,-73.990658,https://hsvsnyc.org/
HeartShare St. Vincent's Services,General Preventive Services,"8717 Bay Parkway, 7th Floor","Brooklyn, NY 11214",718-234-1717,,1,1,,1,,,,,1,,,1,,,,1,1,,,,1,1,1,1,,Monday - Friday: 9 am - 5 pm,,1,,,,,,,,,1,,,,,,,,Brooklyn,40.59956,-73.996304,https://hsvsnyc.org/
HeartShare St. Vincent's Services,General Preventive Services,1702 Mermaid Avenue,"Brooklyn, NY 11224",718-372-0580,,1,1,,1,,,,,1,,,1,,,,1,1,,,,1,1,1,1,,Monday - Friday: 9 am - 5 pm,,1,,,,,,,,,,,,,,,,,Brooklyn,40.576489,-73.984885,https://hsvsnyc.org/
HeartShare St. Vincent's Services,General Preventive Services,1353 Utica Avenue ,"Brooklyn, NY 11203",347-770-8155,,1,1,,1,,,,,1,,,1,,,,1,1,,,,1,1,1,1,,Monday - Friday: 9 am - 5 pm,,1,,,,,1,,,,,,,,,,,,Brooklyn,40.639422,-73.928702,https://hsvsnyc.org/
HELP USA - HELP ROADS,,515 Blake Avenue ,"Brooklyn, NY 11207",718-922-7980,,1,1,,1,,,,,1,,1,,1,,,1,1,1,1,1,1,1,1,1,,Monday - Friday: 9 am - 5 pm,,1,,,,,,,,,,,,,,,,,Brooklyn,40.667262,-73.900068,http://www.helpusa.org/help-roads/
Her Justice,Administrative Office,100 Broadway ,"New York, NY 10005",212-695-3800,,,,1,,,,,,,,,,,,,1,1,1,1,1,1,1,1,1,Serves victims who identify as a women,Monday - Friday: 9:30 am - 5:30 pm,0,1,1,,,,,1,1,,1,,,,,,,,Manhattan,40.708046,-74.01124,http://www.herjustice.org/
Kingsbridge Heights Community Center-Changing Futures Program,Stern House,3101 Kingsbridge Terrace ,"Bronx, NY 10463",718-884-0700,,0,1,0,1,0,0,0,0,1,0,1,0,0,0,,1,1,1,1,0,1,1,,,,Monday - Friday: 8 am - 7 pm ,Saturday-Sunday: 9 am - 5 pm,1,0,0,0,0,0,0,0,0,0,0,0,,,,,,Bronx,40.877579,-73.900715,http://www.khcc-nyc.org/
Leake & Watts,IS 217 School of the Performing Arts,977 Fox Street,"Bronx, NY 10459",718-589-4844 ,1155,1,1,,1,,,,,1,,,,,,,1,1,1,1,,1,1,,,"Serves the community at IS 217, IS 384, South Bronx Classical Charter School, or NYC Autism Charter School",Monday - Friday: 9 am - 5 pm,,1,,,,,,,,,,,,,,,,,Bronx,40.822083,-73.894038,http://www.leakeandwatts.org/
Leake & Watts Preventive Services at Safe Horizon,,900 Sheridan Avenue ,Bronx NY 10451,718-590-2371,,1,1,,1,1,1,0,,1,,1,,,,,1,1,1,1,,1,1,1,1,,Monday - Friday: 9 am - 5 pm,,1,,,,,,,,,,,,,,,,,Bronx,40.826821,-73.920845,https://www.safehorizon.org/
Leake & Watts,JHS 123 - The Bronx Urban Community School,1025 Morrison Avenue ,"New York, NY 10472",718-328-2105 ,1181,1,1,,1,,,,,1,,,,,,,1,1,1,1,,1,1,,,Serves the community at JHS 123 - The Bronx Urban Community School.,Monday - Friday: 8 am - 4 pm,,1,,,,,,,,,,,,,,,,,Bronx,40.824989,-73.873905,http://www.leakeandwatts.org/
Legal Aid Society,Bronx Neighborhood Office  (Civil),260 E 161st Street,"Bronx, NY 10451�",718-991-4600,,0,0,1,0,1,0,0,0,0,0,1,0,0,0,,1,1,1,1,1,1,1,1,1,,Monday - Friday: 9 am - 5 pm,,1,1,1,1,1,1,1,1,1,1,1,1,,1,,,,Bronx,40.825482,-73.91899,http://www.legal-aid.org/en/home.aspx
Legal Aid Society,Brooklyn Neighborhood Office  (Civil),"111 Livingston Street, 7th Floor","Brooklyn, NY 11201",718-722-3100,,0,0,1,0,1,0,0,0,0,0,1,0,0,0,,1,1,1,1,1,1,1,1,1,,Monday - Friday: 9 am - 5 pm,,1,1,1,1,1,1,1,1,1,1,1,1,,1,,,,Brooklyn,40.691389,-73.989631,http://www.legal-aid.org/en/home.aspx
Legal Aid Society,Harlem Community Law Office  (Civil),2090 Adam Clayton Powell Jr Boulevard ,"New York, NY 10027",212-426-3000,,0,0,1,0,1,0,0,0,0,0,1,0,0,0,,1,1,1,1,1,1,1,1,1,,Monday - Friday: 9 am - 5 pm,,1,1,1,1,1,1,1,1,1,1,1,1,,1,,,,Manhattan,40.808785,-73.948994,http://www.legal-aid.org/en/home.aspx
Legal Aid Society,Queens Neighborhood Office  (Civil),120-46 Queens Boulevard ,"Kew Gardens, NY 11415",718-286-2450,,0,0,1,0,1,0,0,0,0,0,1,0,0,0,,1,1,1,1,1,1,1,1,1,,Monday - Friday: 9 am - 5 pm,,1,1,1,1,1,1,1,1,1,1,1,1,,1,,,,Queens,40.713037,-73.828788,http://www.legal-aid.org/en/home.aspx
Legal Aid Society,Staten Island Neighborhood Office (Civil),"60 Bay Street, 3rd Floor","Staten Island, NY 10301",347-422-5333,,0,0,1,0,1,0,0,0,0,0,1,0,0,0,,1,1,1,1,1,1,1,1,1,,Monday - Friday: 9 am - 5 pm,,1,1,1,1,1,1,1,1,1,1,1,1,,1,,,,Staten Island,40.640472,-74.076089,http://www.legal-aid.org/en/home.aspx
Legal Aid Society,The Legal Aid Society Headquarters,199 Water Street ,"New York, NY 10038",212-577-3300,,0,0,1,0,1,0,0,0,0,0,1,0,0,0,,1,1,1,1,1,1,1,1,1,,Monday - Friday: 9 am - 5 pm,,1,1,1,1,1,1,1,1,1,1,1,1,,1,,,,Manhattan,40.706937,-74.004486,http://www.legal-aid.org/en/home.aspx
Legal Information for Families Today (LIFT),LIFT Central Office,"32 Court Street, Suite 1208 ","Brooklyn, NY 11201",646-613-9633,,,,1,,,,,,,,,,,,,1,1,,,,1,1,1,1,,Monday - Friday: 9 am - 5 pm,,1,,1,,,,,,,,,,,,,,,Brooklyn,40.692982,-73.991126,http://www.liftonline.org/
Legal Information for Families Today (LIFT),Brooklyn Family Court,"330 Jay Street, 5th Floor","Brooklyn, NY 11201",646-613-9633,,,,1,,,,,,,,,,,,,1,1,,,,1,1,1,1,,Monday - Friday: 9 am - 5 pm,,,,,,,,,,,,,,,,,,,Brooklyn,40.694677,-73.987484,http://www.liftonline.org/
Legal Information for Families Today (LIFT),Manhattan Family Court,60 Lafayette Street,"New York, NY 10013",646-613-9633,,,,1,,,,,,,,,,,,,1,1,,,,1,1,1,1,,Monday - Friday: 9 am - 5 pm,,1,,,,,,,,,,,,,,,,,Manhattan,40.716499,-74.003053,http://www.liftonline.org/
Legal Information for Families Today (LIFT),Bronx Family Court,"900 Sheridan Avenue, 7th Floor","Bronx, NY 10451",646-613-9633,,,,1,,,,,,,,,,,,,1,1,,,,1,1,1,1,,Monday - Friday: 9 am - 5 pm,,1,,,,,,,,,,,,,,,,,Bronx,40.826821,-73.920845,http://www.liftonline.org/
Legal Information for Families Today (LIFT),Queens Family Court,151-20 Jamaica Avenue,"Jamaica, NY 11432",646-613-9633,,,,1,,,,,,,,,,,,,1,1,,,,1,1,1,1,,Monday - Friday: 9 am - 5 pm,,1,,,,,,,,,,,,,,,,,Queens,40.702195,-73.802818,http://www.liftonline.org/
Legal Information for Families Today (LIFT),Staten Island Family Court,"25 Hyatt Street, 4th Floor","Staten Island, NY 10301",646-613-9633,,,,1,,,,,,,,,,,,,1,1,,,,1,1,1,1,,Monday - Friday: 9 am - 5 pm,,1,,,,,,,,,,,,,,,,,Staten Island,40.642195,-74.076945,http://www.liftonline.org/
"LSA Family Health Service, Inc.",,333 E 115th Street,"New York, NY 10029",646-672-5200,,,,,,1,,,,1,,,1,,,,,,,,1,1,1,1,1,"Serves Manhattan residents, call to confirm eligibility",Monday - Friday: 9 am - 5 pm,,1,,,,,,,,,,,,,,,"Immigrant communities, Spanish-speaking communities",,Manhattan,40.795876,-73.936632,http://littlesistersfamily.org
Lutheran Social Services of New York,"New LIFE Center-Midtown, Immigration Legal Program ","308 W 46th Street, 3rd Floor","New York , NY 10036",212-265-1826,,,,,,1,,,,,,,,,,,1,1,1,1,1,1,1,1,1,,Monday - Friday: 10 am - 6 pm,,1,,,,,,,,,,,,,,,Spanish and French-speaking communities,,Manhattan,40.759941,-73.988818,http://lssny.org/
Manhattan Legal Services,,"1 W 125th Street, 2nd Floor","New York, NY 10027",646-442-3100,,1,1,1,1,1,,,,,,1,1,,,,1,1,1,,,1,1,1,1,Call to confirm eligibility,Monday - Friday: 9 am - 5 pm,,1,1,1,1,1,1,1,1,1,1,1,1,,1,,,,Manhattan,40.80678,-73.94242,http://www.legalservicesnyc.org/our-program/manhattan
Mental Health Association,,"50 Broadway, 19th Floor","New York, NY 10004",212-964-5253,,,1,,1,,,,,,,,,,,,1,1,1,1,,1,1,,,Call to confirm eligibility,Monday - Friday: 9 am - 5 pm,,1,,,1,,,,,,,,,,,,Cantonese and Mandarin-speaking communities,,Manhattan,40.706242,-74.012451,https://mhaofnyc.org/
Met Council,Bronx Family Justice center,198 E 161st Street ,"Bronx, NY 10451",718-508-1274,,1,1,0,1,0,0,0,0,0,0,1,1,1,0,Financial assistance,1,,1,0,0,1,1,1,1,"Serves victims of intimate partner violence, elder abuse and/or sex trafficking",Monday - Friday: 9 am - 5 pm,,1,,,,1,,1,,,,,,Hebrew,,,"Intimate partner violence and sex trafficking survivors, Jewish communities",,Bronx,40.825852,-73.921006,http://www.metcouncil.org/site/PageServer
Met Council,Brooklyn Family Justice center,350 Jay Street ,"Brooklyn, NY 11201",718-850-5036,,1,1,0,1,0,0,0,0,1,0,1,1,1,0,Financial assistance,1,,1,0,0,1,1,1,1,"Serves victims of intimate partner violence, elder abuse and/or sex trafficking",Monday - Friday: 9 am - 5 pm,,,,,,,,,,,1,,,,,,"Intimate partner violence and sex trafficking survivors, Jewish communities",,Brooklyn,40.69347,-73.9881,http://www.metcouncil.org/site/PageServer
Met Council,Queens Family Justice center,126-02 82nd Avenue,"Kew Gardens, NY 11415",718-575-4539,,1,1,0,1,0,0,0,0,1,0,1,1,1,0,Financial assistance,1,,1,0,0,1,1,1,1,"Serves victims of intimate partner violence, elder abuse and/or sex trafficking",Monday - Friday: 9 am - 5 pm,,,,,,,,,,,,,,,,,"Intimate partner violence and sex trafficking survivors, Jewish communities",,Queens,40.713429,-73.82753,http://www.metcouncil.org/site/PageServer
Met Council,Manhattan Family Justice center, 80 Centre Street ,"New York, NY 10013",212-602-2821,,1,1,0,1,0,0,0,0,1,0,1,1,1,0,Financial assistance,1,,1,0,0,1,1,1,1,"Serves victims of intimate partner violence, elder abuse and/or sex trafficking",Monday - Friday: 9 am - 5 pm,,,,,,,,,,,,,,,,,"Intimate partner violence and sex trafficking survivors, Jewish communities",,Manhattan,40.715453,-74.00157,http://www.metcouncil.org/site/PageServer
Met Council,Staten Island Family Justice center,126 Stuyvesant Place,"Staten Island, NY 10301",718-697-4347,,1,1,0,1,0,0,0,0,1,0,1,1,1,0,Financial assistance,1,,1,0,0,1,1,1,1,"Serves victims of intimate partner violence, elder abuse and/or sex trafficking",Monday - Friday: 9 am - 5 pm,,,,,,,,,,,,,,,,,"Intimate partner violence and sex trafficking survivors, Jewish communities",,Staten Island,40.642917,-74.077273,http://www.metcouncil.org/site/PageServer
Met Council,Home office ,120 Broadway,"New York, NY 10271",212-453-9592,,1,1,0,1,0,0,0,0,1,0,1,1,1,0,Financial assistance,1,1,1,0,0,1,1,1,1,Serves victims of intimate partner violence or sex trafficking,Monday - Friday: 9 am - 5 pm,,1,,,0,1,,,,,1,,,Hebrew ,,,"Intimate partner violence and sex trafficking survivors, Jewish communities",,Manhattan,40.708469,-74.010595,http://www.metcouncil.org/site/PageServer
Montefiore Behavioral Health Center at Westchester Square,,2527 Glebe Avenue  ,"Bronx, NY 10461",718-904-4415,,,,,1,,,,,1,,,,,,,1,1,1,1,1,1,1,1,1,Call to confirm eligibility,Monday - Friday: 8:30 am - 6:30 pm,,1,,1,,,,,,,,,,,,,,Other (please specify),Bronx,40.841201,-73.846464,http://www.montefiore.org/mbhc
Mount Sinai Adolescent Health Center,Mount Sinai Adolescent Health Center,320 E 94th Street ,"New York, NY 10128",212-423-2900,,1,1,1,1,1,,,1,1,,1,,,,,1,,,,,,1,,,,Monday - Friday: 9 am - 5 pm,Saturdays: 9 am - 4 pm,1,,,,,,,,,,,,,,,,Our organization specializes in serving adolescents ages 10-22 at our location.,Manhattan,40.782333,-73.947195,http://www.mountsinai.org/patient-care/service-areas/adolescent-health-center
Neighborhood SHOPP,,953 Southern Boulevard ,"Bronx, NY 10466",718-542-0006,,,1,1,1,,,,,,,1,1,,,,1,1,1,1,1,,,,1,Serves victims who are 60 years of age or older,Monday - Friday: 9 am - 5 pm,,1,Spanish,,,1,,,,,,,,,,,,,Bronx,40.821521,-73.89205,http://www.nshopp.org/
New Destiny Housing Corporation,Administrative Office,"12 W 37th Street, 7th Floor","New York, NY 10018",646-472-0262,,1,,,1,,,1,,,,,1,,,,1,,1,1,1,1,1,1,1,Serves victims who are former domestic violence shelter residents,Monday - Friday: 9 am - 5 pm,,1,,,,,,,,,,,,,,,,,Manhattan,40.750566,-73.984243,http://www.newdestinyhousing.org/
New York City Anti-Violence Project,Main Office ,"116 Nassau Street, 3rd Floor","New York, NY 10038",212-714-1141,,1,1,1,1,1,,,,,,,,1,,,1,1,1,1,1,1,1,1,1,,"Main office hours: Monday - Friday: 10 am - 6 pm
Walk-in hours: Monday - Friday: 10 am - 3 pm",,1,,,,,,,,,,,,,1,,LGBTQ and HIV-affected communities,,Manhattan,40.71074,-74.007032,https://avp.org/
New York City Anti-Violence Project,Manhattan Family Justice Center,"80 Centre Street, 5th Floor","New York, NY 10038",212-602-2800,,1,1,,1,,,,,,,,,,,,1,,1,,,1,1,1,1,"Serves victims of intimate partner violence, elder abuse and/or sex trafficking",Monday - Friday: 9 am - 5 pm,,1,1,1,1,1,1,1,1,1,1,1,1,,1,,LGBTQ and HIV-affected communities,,Manhattan,40.715453,-74.00157,https://avp.org/
New York City Anti-Violence Project,Bronx Family Justice Center,"198 E 161st Street, 2nd Floor","Bronx, NY 10451",718-508-1220,,1,1,,1,,,,,,,,,,,,1,,,,,1,1,1,1,"Serves victims of intimate partner violence, elder abuse and/or sex trafficking",Monday - Friday: 9 am - 5 pm,,1,1,1,1,1,1,1,1,1,1,1,1,,1,,LGBTQ and HIV-affected communities,,Bronx,40.825852,-73.921006,https://avp.org/
New York City Anti-Violence Project,Queens Family Justice Center,126-02 82nd Avenue,"Queens, NY 11415",718-757-4545,,1,1,,,,,,,,,,,,,,1,,,,,1,1,1,1,"Serves victims of intimate partner violence, elder abuse and/or sex trafficking",Monday - Friday: 9 am - 5 pm,,1,1,1,1,1,1,1,1,1,1,1,1,,1,,LGBTQ and HIV-affected communities,,Queens,40.713429,-73.82753,https://avp.org/
New York City Anti-Violence Project,Staten Island Family Justice Center,126 Stuyvesant Place,"Staten Island, NY 10301",718-697-4300,,1,1,,,,,,,,,,,,,,1,,,,,1,1,1,1,"Serves victims of intimate partner violence, elder abuse and/or sex trafficking",Monday - Friday: 9 am - 5 pm,,1,1,1,1,1,1,1,1,1,1,1,1,,1,,LGBTQ and HIV-affected communities,,Staten Island,40.642917,-74.077273,https://avp.org/
New York City Anti-Violence Project,Adolescent AIDS Program at Montefiore Medical Center,"3415 Bainbridge Ave, 4th Floor","Bronx, NY 10467",718-741-2426,,1,1,,1,,,,,,,,,,,,1,1,1,1,1,,1,,,Serves victims who are under 25 years of age and impacted by HIV,Mondays: 11 am - 7 pm,,1,,,,,,,,,,,,,,,LGBTQ and HIV-affected communities,,Bronx,40.880324,-73.879038,https://avp.org/
New York City Anti-Violence Project,GMHC,446 W 33rd Street ,"New York, NY 10001",212-367-1100,,1,1,,1,,,,,1,,,,,,,1,,,,,1,1,1,1,Serves intimate partner violence survivors living with HIV,Tuesday and Wednesday: 9 am - 5 pm,,,,,,,,,,,,,,,,,LGBTQ and HIV-affected communities,,Manhattan,40.753318,-73.9989,https://avp.org/
New York Legal Assistance Group,,7 Hanover Square ,"New York, NY 10004",212-613-5000,,0,0,1,1,1,0,0,0,0,0,1,1,0,0,,1,1,1,1,1,1,1,1,1,,Monday - Friday: 9 am - 5 pm,,1,1,1,1,1,1,1,1,1,1,1,1,Hebrew,1,,,,Manhattan,40.704046,-74.009662,http://nylag.org/
Northern Manhattan Improvement Corporation,,45 Wadsworth Avenue ,"New York, NY 10033",212-822-8300,,1,1,1,1,1,,,,1,,1,1,1,,,1,,,,,1,1,1,1,Call to confirm eligibility,Monday - Friday: 9 am - 5 pm,,1,,,,,,,,,,,,American Sign Language,,,"Intimate partner violence survivors, Spanish-speaking communities",Other (please specify),Manhattan,40.846159,-73.937295,http://www.nmic.org/
"Ohel Children's Home and Family Services, Inc.",Tikvah Regional Center,2925A Kings Highway,"Brooklyn, NY 11229",718-851-6300,,1,1,0,1,0,0,1,1,1,0,0,0,1,0,,0,1,1,0,0,1,1,1,1,Call to confirm eligibility,Monday - Friday: 9 am - 7 pm,,,,,,,,,,,1,,1,,,,Jewish communities,,Brooklyn,40.616254,-73.945283,http://www.ohelfamily.org/
"Ohel Children's Home and Family Services, Inc.",The Kleinman Family OHEL Regional Center,156 Beach 9th Street,"Far Rockaway, NY 11691",718-851-6300,,1,1,0,1,0,0,1,1,1,0,0,0,1,0,,0,1,1,0,0,1,1,,,Call to confirm eligibility,Monday - Friday: 9 am - 7 pm,,,,,,,,,,,1,,,,,,Jewish communities,,Queens,40.595823,-73.743621,http://www.ohelfamily.org/
"Puerto Rican Family Institute, Inc. (PRFI)",Bronx Child Placement Prevention Program,"3251 Third Avenue, 3rd Floor","Bronx, NY 10456",718-584-6268,,1,1,0,1,0,0,0,0,0,0,0,0,0,0,,0,1,1,1,0,1,1,1,1,Serves New York City residents,Monday - Friday: 9 am - 5 pm,Call to inquire about weekend hours of operation ,1,,,,,,,,,,,,,,,,,Bronx,40.824374,-73.908939,http://www.prfi.org/
"Puerto Rican Family Institute, Inc. (PRFI)",Bushwick Child Placement Prevention Program,"358 Grove Street, 1st Floor","Brooklyn, NY 11237",718-387-5200,,1,1,0,1,0,0,0,0,0,0,0,0,0,0,,0,1,1,1,0,1,1,1,1,Serves New York City residents,Monday - Friday: 9 am - 5 pm,Call to inquire about weekend hours of operation ,1,,,,,,,,,,,,,,,Immigrant communities,,Brooklyn,40.699885,-73.913708,http://www.prfi.org/
"Puerto Rican Family Institute, Inc. (PRFI)",East NY Child Placement Prevention Program,2924 Fulton Street ,"Brooklyn, NY 11207",718-647-7520,,1,1,0,1,0,0,0,0,0,0,0,0,0,0,,0,1,1,1,0,1,1,1,1,Serves New York City residents,Monday - Friday: 9 am - 5 pm,Call to inquire about weekend hours of operation ,1,,,,,,,,,,,,,,,Immigrant communities,,Brooklyn,40.679085,-73.88682,http://www.prfi.org/
"Puerto Rican Family Institute, Inc. (PRFI)",Williamsburg Child Placement Prevention Program,"785 Flushing Avenue , 5th Floor","Brooklyn, NY 11206",718-782-7701,,1,1,0,1,0,0,0,0,0,0,0,0,0,0,,0,1,1,1,0,1,1,1,1,Serves New York City residents,Monday - Friday: 9 am - 5 pm,Call to inquire about weekend hours of operation ,1,,,,,,,,,,,,,,,Immigrant communities,,Queens,40.700985,-73.941436,http://www.prfi.org/
"Puerto Rican Family Institute, Inc. (PRFI)",Manhattan Mental Health Clinic,"145 W 15th Street, 5th Floor","New York, NY 10011",212-229-6905,,1,1,0,1,0,0,0,1,1,1,1,0,0,0,,1,1,1,1,0,1,1,1,1,,Monday - Friday: 9 am - 5 pm,Call to inquire about weekend hours of operation ,1,,,,,,,,,,,,,,,Immigrant communities,,Manhattan,40.738947,-73.997904,http://www.prfi.org/
"Puerto Rican Family Institute, Inc. (PRFI)",Bronx Mental Health Clinic,4123 Third Avenue ,"Bronx, NY 10457",718-299-3045,,1,1,0,1,0,0,0,1,1,1,1,0,0,0,,1,1,1,1,0,1,1,1,1,,Monday - Friday: 9 am - 5 pm,Call to inquire about weekend hours of operation ,1,,,,,,,,,,,,,,,Immigrant communities,,Bronx,40.844809,-73.897471,http://www.prfi.org/
"Puerto Rican Family Institute, Inc. (PRFI)",Brooklyn Mental Health Clinic,"28 Debevoise Street, 5th Floor","Brooklyn, NY 11206",718-963-4430,,1,1,0,1,0,0,0,1,1,1,1,0,0,0,,1,1,1,1,0,1,1,1,1,,Monday - Friday: 9 am - 5 pm,Call to inquire about weekend hours of operation ,1,,,,,,,,,,,,,,,Immigrant communities,,Brooklyn,40.701313,-73.941515,http://www.prfi.org/
"Puerto Rican Family Institute, Inc. (PRFI)",Home Base Crisis Intervention,"28 Debevoise Street, 5th Floor","Brooklyn, NY 11206",718-963-4430,,1,1,0,1,0,0,0,1,1,1,1,0,0,0,,1,1,1,1,0,1,1,1,1,,Monday - Friday: 9 am - 5 pm,Call to inquire about weekend hours of operation ,1,,,,,,,,,,,,,,,Immigrant communities,,Brooklyn,40.701313,-73.941515,http://www.prfi.org/
"Puerto Rican Family Institute, Inc. (PRFI)",Children's Care Coordination (Health Home),"28 Debevoise Street, 5th Floor","Brooklyn, NY 11206",718-963-4430,,1,1,0,1,0,0,0,1,0,1,1,0,1,0,,0,1,1,1,0,1,1,1,1,,Monday - Friday: 9 am - 5 pm,Call to inquire about weekend hours of operation ,1,,,,,,,,,,,,,,,Immigrant communities,,Brooklyn,40.701313,-73.941515,http://www.prfi.org/
"Puerto Rican Family Institute, Inc. (PRFI)",Adult Care Coordination (Health Home) ,"145 W 15th Street, 6th Floor","New York, NY 10011",212-229-6976,,1,1,0,1,0,0,0,,,,,,,,,,1,1,1,,1,1,1,1,,Monday - Friday: 9 am - 5 pm,Call to inquire about weekend hours of operation ,1,,,,,,,,,,,,,,,Immigrant communities,,Manhattan,40.738947,-73.997904,http://www.prfi.org/
Queens Legal Services,,89-00 Sutphin Boulevard ,"Jamaica, NY 11435",347-592-2200,,1,1,1,1,1,,,,,,1,1,,,,1,1,1,,,1,1,1,1,Call to confirm eligibility,Monday - Friday: 9 am - 5 pm,,1,1,1,1,1,1,1,1,1,1,1,1,,1,,,,Queens,40.7035,-73.808888,http://www.legalservicesnyc.org/our-program/queens
Safe Horizon,Queens Family Court,"151-20 Jamaica Avenue , 2nd Floor","Jamaica, NY 11432",718-262-0202,,1,0,0,1,0,0,0,0,1,0,0,0,0,0,,1,1,1,1,0,1,1,1,1,,"Monday - Friday: 9 am - 1 pm, 2 pm - 5 pm",,1,,,,,,,,,,,,,,,,,Queens,40.702349,-73.802805,https://www.safehorizon.org/
Safe Horizon,Brooklyn Family Court ,"330 Jay St, 12th Floor","Brooklyn, NY 11201",718-834-7440,,1,0,0,1,0,0,0,0,1,0,0,0,0,0,,1,1,1,1,0,1,1,1,1,,"Monday - Friday: 9 am - 1 pm, 2 pm - 5 pm",,1,,,,,,,,,,,,,,,,,Brooklyn,40.694677,-73.987484,https://www.safehorizon.org/
Safe Horizon,Bronx Family Court,"900 Sheridan Avenue , Room 1-40 ","Bronx, NY 10451",718-590-2371,,1,0,0,1,0,0,0,0,1,0,0,0,0,0,,1,1,1,1,0,1,1,1,1,,"Monday - Friday: 9 am - 1 pm, 2 pm - 5 pm",,1,,,,,,,,,,,,,,,,,Bronx,40.826821,-73.920845,https://www.safehorizon.org/
Safe Horizon,Staten Island Family Court,"30 Bay Street, 5th Floor","Staten Island, NY 10301",718-447-3820,,1,0,0,1,0,0,0,0,1,0,0,0,0,0,,1,1,1,1,0,1,1,1,1,,"Monday - Friday: 9 am - 1 pm, 2 pm - 5 pm",,1,,,,,,,,,,,,,,,,,Staten Island,40.641386,-74.076236,https://www.safehorizon.org/
Safe Horizon,Manhattan Family Court,"60 Lafayette Street, Room 4C ","New York, NY 10013",212-577-1270,,1,0,0,1,0,0,0,0,1,0,0,0,0,0,,1,1,1,1,0,1,1,1,1,,"Monday - Friday: 9 am - 1 pm, 2 pm - 5 pm",,1,,,,,,,,,,,,,,,,,Manhattan,40.71661,-74.002589,https://www.safehorizon.org/
Safe Horizon,Queens Criminal Court,"125-01 Queens Boulevard , Room G7 ","Kew Gardens, NY 11415",718-286-6083,,1,0,0,1,0,0,0,0,1,0,0,0,0,0,,1,1,1,1,0,1,1,1,1,,"Monday - Friday: 9 am - 1 pm, 2 pm - 5 pm",,1,,,,,,,,,,,,,,,,,Queens,40.712658,-73.825717,https://www.safehorizon.org/
Safe Horizon,Brooklyn Criminal Court,"120 Schermerhorn Street, 6th Floor","Brooklyn, NY 11201",718-834-7476,,1,0,0,1,0,0,0,0,1,0,0,0,0,0,,1,1,1,1,0,1,1,1,1,,"Monday - Friday: 9 am - 1 pm, 2 pm - 5 pm",,1,,,,,,,,,,,,,,,,,Brooklyn,40.689705,-73.988959,https://www.safehorizon.org/
Safe Horizon,Bronx Criminal Court,"215 E 161 Street, 3rd Floor3-34","Bronx, NY 10451",718-590-2355,,1,0,0,1,0,0,0,0,1,0,0,0,0,0,,1,1,1,1,0,1,1,1,1,,"Monday - Friday: 9 am - 1 pm, 2 pm - 5 pm",,1,,,,,,,,,,,,,,,,,Bronx,40.826685,-73.920453,https://www.safehorizon.org/
Safe Horizon,Staten Island Criminal Court,"26 Central Avenue , Lower Level, LL-11 ","Staten Island, NY 10304",718-727-7555,,1,0,0,1,0,0,0,0,1,0,0,0,0,0,,1,1,1,1,0,1,1,1,1,,"Monday - Friday: 9 am - 1 pm, 2 pm - 5 pm",,1,,,,,,,,,,,,,,,,,Staten Island,40.640804,-74.077509,https://www.safehorizon.org/
Safe Horizon,Queens Community Office,"151-20 Jamaica Avenue , 2nd Floor","Jackson Heights, NY 11372",855-234-1042,,1,1,0,1,0,0,0,0,1,0,0,0,0,0,,1,1,1,1,0,1,1,1,1,,Monday - Friday: 9 am - 5 pm,,1,,,,,,,,,,,,,,,,,Queens,40.702349,-73.802805,https://www.safehorizon.org/
Safe Horizon,Brooklyn Community Office,"50 Court Street, 9th Floor","Brooklyn, NY 11201",855-234-1042,,1,1,0,1,0,0,0,0,1,0,0,0,0,0,,1,1,1,1,0,1,1,1,1,,Monday - Friday: 9 am - 5 pm,,1,,,,,,,,,,,,,,,,,Brooklyn,40.692428,-73.991446,https://www.safehorizon.org/
Safe Horizon,Bronx Community Office (Bronxworks),1130 Grand Concourse ,"New York, NY 10035",855-234-1042,,1,1,0,1,0,0,0,0,1,0,0,0,0,0,,1,1,1,1,0,1,1,1,1,,Tuesday - Thursday: 9 am - 5 pm,,1,,,,,,,,,,,,,,,,,Bronx,40.83264,-73.918773,https://www.safehorizon.org/
Safe Horizon,Staten Island Community Office,"30 Bay Street, 5th Floor","Staten Island, NY 10301",855-234-1042,,1,1,0,1,0,0,0,0,1,0,0,0,0,0,,1,1,1,1,0,1,1,1,1,,Monday - Friday: 9 am - 5 pm,,1,,,,,,,,,,,,,,,,,Staten Island,40.641386,-74.076236,https://www.safehorizon.org/
Safe Horizon,Manhattan Community Office,"100 E 122nd Street, 1st Floor","New York, NY 10035",855-234-1042,,1,1,0,1,0,0,0,0,1,0,0,0,0,0,,1,1,1,1,0,1,1,1,1,,Monday - Friday: 9 am - 5 pm,,1,,,,,,,,,,,,,,,,,Manhattan,40.802858,-73.940307,https://www.safehorizon.org/
Safe Horizon,Safe Horizon Counseling Center,"50 Court Street, 9th Floor","Brooklyn, NY 11201",347-328-8110,,1,1,0,1,0,0,0,0,1,0,0,0,0,0,,1,1,1,1,0,1,1,1,1,Call to confirm eligibility,"Monday - Thursday: 9 am - 8 pm
Friday: 9 am - 6 pm",Saturday: 9 am - 4 pm,1,,,,1,1,,,1,,,,,1,,,,Brooklyn,40.692428,-73.991446,https://www.safehorizon.org/
Safe Horizon,Brooklyn Child Advocacy Center,"320 Schermerhorn Street, 1st Floor","Brooklyn, NY 11217",718-330-5400,,1,1,1,1,0,0,0,1,0,0,0,0,,,,,1,1,1,,1,1,,,Call to confirm eligibility,Monday - Friday: 8 am - 11 pm,Saturday-Sunday: 9 am - 8 pm  ,1,,,,,,,,,1,,1,,1,New York State Central Register of Child Abuse and Maltreatment,,,Brooklyn,40.687026,-73.981705,https://www.safehorizon.org/
Safe Horizon,Queens Child Advocacy Center,"112-25 Queens Boulevard , 3rd Floor","Forest Hills, NY 11375",718-575-1342,,1,1,1,1,0,0,0,1,0,0,0,0,,,,,1,1,1,,1,1,,,Call to confirm eligibility,Monday - Friday: 9 am - 10 pm,Saturday-Sunday: 11 am - 7 pm,1,,,,,,,,,0,,0,Hebrew,1,New York State Central Register of Child Abuse and Maltreatment,,,Queens,40.717564,-73.835169,https://www.safehorizon.org/
Safe Horizon,Staten Island Child Advocacy Center,"130 Stuyvesant Place, 5th Floor ","Staten Island, NY 10301",718-556-4095,,1,1,1,1,0,0,0,1,0,0,0,0,,,,,1,1,1,,1,1,,,Call to confirm eligibility,Monday - Friday: 8 am - 8 pm,,1,,,,,,,,,0,,0,Hebrew,1,New York State Central Register of Child Abuse and Maltreatment,,,Staten Island,40.642815,-74.077151,https://www.safehorizon.org/
Safe Horizon,Queens Family Justice Center,126-02 82nd Avenue  ,"Kew Gardens, NY 11415",718-575-4500,,1,1,1,1,1,0,0,0,1,0,0,0,0,1,,1,,,,,1,1,1,1,"Serves victims of intimate partner violence, elder abuse and/or sex trafficking",Monday - Friday: 9 am - 5 pm,0,1,,,,,,,,,,,,"Hindi, Gujarati",1,,,,Queens,40.713429,-73.82753,https://www.safehorizon.org/
Safe Horizon,Brooklyn Family Justice Center,"350 Jay Street, 15th Floor","Brooklyn, NY 11201",718-250-5111,,1,1,1,1,1,0,0,0,1,0,0,0,0,1,,1,,,,,1,1,1,1,"Serves victims of intimate partner violence, elder abuse and/or sex trafficking",Monday - Friday: 9 am - 5 pm,0,1,,,,,,,,,,,,"Hindi, Gujarati",1,,,,Brooklyn,40.69347,-73.9881,https://www.safehorizon.org/
Safe Horizon,Bronx Family Justice Center,"198 E 161 Street, 2nd Floor","Bronx, NY 10451",718-508-1222,,1,1,1,1,1,0,0,0,1,0,0,0,0,1,,1,,,,,1,1,1,1,"Serves victims of intimate partner violence, elder abuse and/or sex trafficking",Monday - Friday: 9 am - 5 pm,0,0,,,,,,,,,,,,,1,,,,Bronx,40.825852,-73.921006,https://www.safehorizon.org/
Safe Horizon,Domestic Violence Law Project ,"210 Joralemon Street, Suite 608 ","Brooklyn, NY 11201","718-834-7430
",1101,,,1,,,,,,,,,,,,,1,1,,,,1,1,1,1,,Monday - Friday: 9:30 am - 5:30 pm,,1,,,,,,,,,,,,,1,,,,Brooklyn,40.69199,-73.990385,https://www.safehorizon.org/
Safe Horizon,Immigration Law Project ,"50 Court Street, 8th Floor","Brooklyn, NY 11201",718-943-8632,,,,1,,1,,,,,,,,,,,1,1,1,1,1,1,1,1,1,Call to confirm eligibility,Monday - Friday: 9:30 am - 5:30 pm,,1,,,,,,,,,,,,,1,,Survivors of intimate partner violence,,Brooklyn,40.692428,-73.991446,https://www.safehorizon.org/
Safe Horizon,Manhattan Family Justice Center,"80 Centre Street, 5th Floor","New York, NY 10013",212-602-2800,,1,1,1,1,1,0,0,0,1,0,0,0,0,1,,1,,,,,1,1,1,1,"Serves victims of intimate partner violence, elder abuse and/or sex trafficking",Monday - Friday: 9 am - 5 pm,0,1,,,,,,,,,,,,,1,,,,Manhattan,40.715453,-74.00157,https://www.safehorizon.org/
Safe Horizon,Anti-Trafficking,"50 Court Street, Suite 811","Brooklyn, NY 11201",718-943-8631,,1,1,1,1,1,0,0,0,0,0,0,0,0,0,,1,,1,1,,1,1,1,1,,Monday - Friday: 9 am - 5 pm,,,,,,,,,,,,,,Tagalog languages,1,,,,Brooklyn,40.692428,-73.991446,https://www.safehorizon.org/
Safe Horizon,Manhattan Child Advocacy Center,"1753 Park Avenue , 2nd Floor","New York, NY 10035",646-695-6100,,1,1,1,1,0,0,0,0,0,0,0,0,0,0,,,1,1,1,,1,1,,,Call to confirm eligibility,Monday - Friday: 9 am - 9 pm,,1,,,,,,,,,,,,,1,New York State Central Register of Child Abuse and Maltreatment,,,Manhattan,40.802672,-73.940265,https://www.safehorizon.org/
Safe Horizon,Bronx Restitution,"215 E 161st Street, Room 3-34D","Bronx, NY 10451",718-590-2366,,,,,,,,,,,,,,,,Restitution assistance,,,,1,1,1,1,1,1,Serves individuals who have been awarded restitution in New York City by a judge,"Monday - Friday: 9:30 am - 1 pm, 2:15 pm - 4 pm",,1,,,,,,,,,,,,,,,,,Bronx,40.826685,-73.920453,https://www.safehorizon.org/
Safe Horizon,Brooklyn Restitution,"120 Schermerhorn Street, 8th Floor, Room 800 ","Brooklyn, NY 11201",718-834-7450,,,,,,,,,,,,,,,,Restitution assistance,,,,1,1,1,1,1,1,Serves individuals who have been awarded restitution in New York City by a judge,"Monday - Friday: 9:30 am - 1 pm, 2:15 pm - 4 pm",,1,,,,,,,,,,,,,,,,,Brooklyn,40.689705,-73.988959,https://www.safehorizon.org/
Safe Horizon,Manhattan Restitution,"100 Centre Street, 11th Floor- Rm 1102","New York, NY 10013",212-577-1268,,,,,,,,,,,,,,,,Restitution assistance,,,,1,1,1,1,1,1,Serves individuals who have been awarded restitution in New York City by a judge,"Monday - Friday: 9:30 am - 1 pm, 2:15 pm - 4:30 pm",,1,,,,,,,,,,,,,,,,,Manhattan,40.716047,-74.000982,https://www.safehorizon.org/
Safe Horizon,Queens Restitution,"120-55 Queens Boulevard , Room G6 ","Jamaica, NY 11424",718-286-6730,,,,,,,,,,,,,,,,Restitution assistance,,,,1,1,1,1,1,1,Serves individuals who have been awarded restitution in New York City by a judge,"Monday - Friday: 9:30 am - 1 pm, 2:15 pm - 4 pm",,1,,,,,,,,,,,,,,,,,Queens,40.7137,-73.828157,https://www.safehorizon.org/
Safe Horizon,Staten Island Restitution,"167 Targee Street, Rm B12","Staten Island, NY 10304",718-727-3808,,,,,,,,,,,,,,,,Restitution assistance,,,,1,1,1,1,1,1,Serves individuals who have been awarded restitution in New York City by a judge,"Monday - Friday: 9:30 am - 1 pm, 2:15 pm - 4 pm",,1,,,,,,,,,,,,,,,,,Staten Island,40.623305,-74.083804,https://www.safehorizon.org/
Safe Horizon,Brooklyn Family Court Children's Center,330 Jay Street ,"Brooklyn, NY 11201",347-401-9632,,1,0,0,1,1,0,0,0,0,0,0,0,0,0,,1,1,,,,1,1,,,,"Monday - Friday: 9 am - 1 pm, 2 pm - 4:45 pm",,1,,,,,,,,,,,,,,,,,Brooklyn,40.694677,-73.987484,https://www.safehorizon.org/
Safe Horizon,Staten Island Family Court Children's Center,51 Stuyvesant Place ,"Staten Island, NY 10301",800-621-4763,,1,0,0,1,1,0,0,0,0,0,0,0,0,0,,1,1,,,,1,1,,,,Monday - Friday: 9 am - 1 pm,,1,,,,,,,,,,,,,,,,,Staten Island,40.644776,-74.078071,https://www.safehorizon.org/
Safe Horizon,Brooklyn Criminal Court Children's Center,"120 Schermerhorn Street, 8th floor","Brooklyn, NY 11201",718-222-1550,,1,0,0,1,1,0,0,0,0,0,0,0,0,0,,1,1,,,,1,1,,,,"Monday - Friday: 9 am - 1 pm, 2 pm - 4:45 pm",,1,,,,,,,,,,,,,,,,,Brooklyn,40.689705,-73.988959,https://www.safehorizon.org/
Safe Horizon,Bronx Family Court Children's Center,"900 Sheridan Avenue, 7th Floor- Room 7-90 ","Bronx, NY 10451",718-618-2191,,1,0,0,1,1,0,0,0,0,0,0,0,0,0,,1,1,,,,1,1,,,,"Monday - Friday: 8:30 am - 1 pm, 2 pm - 4:45 pm",,1,,,,,,,,,,,,,,,,,Bronx,40.826821,-73.920845,https://www.safehorizon.org/
Safe Horizon,Manhattan Family Court Children's Center,60 Lafayette Street ,"New York, NY 10013",646-386-5242,,1,0,0,1,1,0,0,0,0,0,0,0,0,0,,1,1,,,,1,1,,,,"Monday - Friday: 9 am - 1 pm, 2 pm - 4:45 pm",,1,,,,,,,,,,,,,,,,,Manhattan,40.71661,-74.002589,https://www.safehorizon.org/
Safe Horizon,Queens Family Court Children's Center,"151-20 Jamaica Avenue, First Floor","Jamaica, NY 11432",718-298-0129,,1,0,0,1,1,0,0,0,0,0,0,0,0,0,,1,1,,,,1,1,,,,"Monday - Friday: 9 am - 1 pm, 2 pm - 4:45 pm",,1,,,,,,,,,,,,,,,,,Queens,40.702251,-73.802664,https://www.safehorizon.org/
Safe Horizon,Bronx Child Advocacy Center,"1775 Grand Concourse, 5th Floor","Bronx, NY 10453",929-265-3600,,1,1,1,1,0,0,0,1,0,0,0,0,,,,,1,1,1,,1,1,,,Call to confirm eligibility,Monday - Friday: 8 am - 11 pm,Saturday-Sunday: 9 am - 8 pm  ,1,,,,,,,,,1,,1,,1,New York State Central Register of Child Abuse and Maltreatment,,,Bronx,40.846521,-73.910307,https://www.safehorizon.org/
Safe Horizon,Bronx Child Advocacy Center,16 Ericsson Place,"New York, NY 10013",646-529-1343,,1,1,,1,,,,,,,,,,,,1,1,1,1,1,1,1,1,1,,"Crime advocacy services - Monday - Friday: 8 am - 4 pm
Domestic violence advocacy services - Monday - Friday: 12 pm - 4 pm",,,,1,,,,,,,,1,,Hindu,,,,,Manhattan,40.720245,-74.007086,https://www.safehorizon.org/
Safe Horizon,Crime Victim Assistance Program Manhattan 7th Precinct ,19 1/2 Pitt Street,"New York, NY 10002",212-477-2385,,1,1,,1,,,,,,,,,,,,1,1,1,1,1,1,1,1,1,,"Crime advocacy services - Monday - Friday: 12 pm - 8 pm
Domestic violence advocacy services - Monday - Friday: 8 am - 4 pm",,1,,,,,,,,,,,,German,,,,,Manhattan,40.716497,-73.983989,https://www.safehorizon.org/
Safe Horizon,Crime Victim Assistance Program Manhattan 9th Precinct ,321 E 5th Street ,"New York, NY 10003",800-621-4763,,1,1,,1,,,,,,,,,,,,1,1,1,1,1,1,1,1,1,,"Crime advocacy services - Monday - Friday: 12 pm - 8 pm
Domestic violence advocacy services - Monday - Friday: 8 am - 4 pm",,1,,,,1,1,,,,,,,,,,,,Manhattan,40.726538,-73.98782,https://www.safehorizon.org/
Safe Horizon,Crime Victim Assistance Program Manhattan 10th Precinct ,230 W 20th Street,"New York, NY 10011",800-621-4763,,1,1,,1,,,,,,,,,,,,1,1,1,1,1,1,1,1,1,,"Crime advocacy services - Monday - Friday: 12 pm - 8 pm
Domestic violence advocacy services - Monday - Friday: 8 am - 4 pm",,,,,,,1,,,,,,,,,,,,Manhattan,40.742705,-73.998644,https://www.safehorizon.org/
Safe Horizon,Crime Victim Assistance Program Manhattan 13th Precinct ,230 E 21st Street,"New York, NY 10010",212-477-4380,,1,1,,1,,,,,,,,,,,,1,1,1,1,1,1,1,1,1,,"Crime advocacy services - Monday - Friday: 12 pm - 8 pm
Domestic violence advocacy services - Monday - Friday: 8 am - 4 pm",,,,,,,,,,,,,,,,,,,Manhattan,40.73674,-73.982701,https://www.safehorizon.org/
Safe Horizon,Crime Victim Assistance Program Manhattan 17th Precinct ,167 E 51st Street,"New York, NY 10022",212-826-3250,,1,1,,1,,,,,,,,,,,,1,1,1,1,1,1,1,1,1,,"Crime advocacy services - Monday - Friday: 12 pm - 8 pm
Domestic violence advocacy services - Monday - Friday: 8 am - 4 pm",,,,,,,,,,,,,,,,,,,Manhattan,40.756762,-73.970786,https://www.safehorizon.org/
Safe Horizon,Crime Victim Assistance Program Manhattan 18th Precinct ,306 W 54th Street,"New York, NY 10019",212-767-2190,,1,1,,1,,,,,,,,,,,,1,1,1,1,1,1,1,1,1,,"Crime advocacy services - Monday - Friday: 12 pm - 8 pm
Domestic violence advocacy services - Monday - Friday: 8 am - 4 pm",,,,,,,,,,,,,,,,,,,Manhattan,40.764908,-73.985101,https://www.safehorizon.org/
Safe Horizon,Crime Victim Assistance Program Manhattan 20th Precinct ,120 W 82nd Street ,"New York, NY 10024",212-580-6640,,1,1,,1,,,,,,,,,,,,1,1,1,1,1,1,1,1,1,,"Crime advocacy - Monday - Friday: 8 am - 4 pm
Domestic violence advocacy - Monday - Friday: 12 pm - 8 pm",,1,,,,,,,,,,,,,,,,,Manhattan,40.784181,-73.974986,https://www.safehorizon.org/
Safe Horizon,Crime Victim Assistance Program Manhattan 24th Precinct ,151 W 100th Street ,"New York, NY 10025",800-621-4763,,1,1,,1,,,,,,,,,,,,1,1,1,1,1,1,1,1,1,,"Crime advocacy - Monday - Friday: 12 pm - 4 pm
Domestic violence advocacy - Monday - Friday: 8 am - 4 pm",,1,,,,,,,,,,,,,,,,,Manhattan,40.796503,-73.967192,https://www.safehorizon.org/
Safe Horizon,Crime Victim Assistance Program Manhattan 25th Precinct ,120 E 119th Street ,"New York, NY 10035",212-860-0214,,1,1,,1,,,,,,,,,,,,1,1,1,1,1,1,1,1,1,,"Crime advocacy services - Monday - Friday: 12 pm - 8 pm
Domestic violence advocacy services - Monday - Friday: 8 am - 4 pm",,1,,,,,,,,,,,,,,,,,Manhattan,40.800682,-73.941102,https://www.safehorizon.org/
Safe Horizon,Crime Victim Assistance Program Manhattan 28th Precinct ,2271-89 Frederick Douglass Boulevard ,"New York, NY 10027",212-666-2784,,1,1,,1,,,,,,,,,,,,1,1,1,1,1,1,1,1,1,,"Crime advocacy services - Monday - Friday: 12 pm - 8 pm
Domestic violence advocacy services - Monday - Friday: 8 am - 4 pm",,1,,,,,,,,,,,,,,,,,Manhattan,40.80884,-73.952596,https://www.safehorizon.org/
Safe Horizon,Crime Victim Assistance Program Manhattan 30th Precinct ,451 W 151st Street,"New York, NY 10031",800-621-4763,,1,1,,1,,,,,,,,,,,,1,1,1,1,1,1,1,1,1,,Call to inquire about hours of operation,,1,,,,1,,,,,,,,Mandigo,,,,,Manhattan,40.828853,-73.943752,https://www.safehorizon.org/
Safe Horizon,Crime Victim Assistance Program Manhattan 32nd Precinct ,34 W 134th Street,"New York, NY 10037",212-690-5858,,1,1,,1,,,,,,,,,,,,1,1,1,1,1,1,1,1,1,,"Crime advocacy services - Monday - Friday: 12 pm - 8 pm
Domestic violence advocacy services - Monday - Friday: 8 am - 4 pm",,1,,,,,,,,,,,,,,,,,Manhattan,40.812675,-73.940069,https://www.safehorizon.org/
Safe Horizon,Crime Victim Assistance Program Manhattan 33th Precinct ,2207 Amsterdam Avenue  ,"New York, NY 10032",212-918-4772,,1,1,,1,,,,,,,,,,,,1,1,1,1,1,1,1,1,1,,"Crime advocacy services - Monday - Friday: 12 pm - 8 pm
Domestic violence advocacy services - Monday - Friday: 8 am - 4 pm",,1,,,,,,,,,,,,,,,,,Manhattan,40.840604,-73.935808,https://www.safehorizon.org/
Safe Horizon,Crime Victim Assistance Program Manhattan 34th Precinct ,4295 Broadway,"New York, NY 10033",212-927-0603,,1,1,,1,,,,,,,,,,,,1,1,1,1,1,1,1,1,1,,"Crime advocacy services - Monday - Friday: 12 pm - 8 pm
Domestic violence advocacy services - Monday - Friday: 8 am - 4 pm",,1,,,,,,,,,,,,,,,,,Manhattan,40.851556,-73.935376,https://www.safehorizon.org/
Safe Horizon,Crime Victim Assistance Program Bronx 40th Precinct ,257 Alexander Avenue ,"Bronx, NY 10454",800-621-4763,,1,1,,1,,,,,,,,,,,,1,1,1,1,1,1,1,1,1,,"Crime advocacy services - Monday - Friday: 12 pm - 8 pm
Domestic violence advocacy services - Monday - Friday: 8 am - 4 pm",,1,,,,,,,,,,,,,,,,,Bronx,40.810321,-73.925202,https://www.safehorizon.org/
Safe Horizon,Crime Victim Assistance Program Bronx 41st Precinct ,1035 Longwood Avenue ,"Bronx, NY 10459",800-621-4763,,1,1,,1,,,,,,,,,,,,1,1,1,1,1,1,1,1,1,,"Crime advocacy services - Monday - Friday: 12 pm - 8 pm
Domestic violence advocacy services - Monday - Friday: 8 am - 4 pm",,1,,,,,,,,,,,,,,,,,Bronx,40.816343,-73.895511,https://www.safehorizon.org/
Safe Horizon,Crime Victim Assistance Program Bronx 42nd Precinct ,830 Washington Avenue ,"Bronx, NY 10451",800-621-4763,,1,1,,1,,,,,,,,,,,,1,1,1,1,1,1,1,1,1,,"Crime advocacy services - Monday - Friday: 12 pm - 8 pm
Domestic violence advocacy services - Monday - Friday: 8 am - 4 pm",,1,,,,,,,,,,,,Wolof,,,,,Bronx,40.822557,-73.911384,https://www.safehorizon.org/
Safe Horizon,Crime Victim Assistance Program Bronx 43rd Precinct ,900 Fteley Avenue ,"Bronx, NY 10473",718-617-7892,,1,1,,1,,,,,,,,,,,,1,1,1,1,1,1,1,1,1,,"Crime advocacy services - Monday - Friday: 12 pm - 8 pm
Domestic violence advocacy services - Monday - Friday: 8 am - 4 pm",,,,1,,,,,,,,,,,,,,,Bronx,40.823136,-73.86981,https://www.safehorizon.org/
Safe Horizon,Crime Victim Assistance Program Bronx 44th Precinct ,2 E 169th Street ,"Bronx, NY 10452",800-621-4763,,1,1,,1,,,,,,,,,,,,1,1,1,1,1,1,1,1,1,,"Crime advocacy services - Monday - Friday: 8 am - 4 pm
Domestic violence advocacy services - Monday - Friday: 12 pm - 8 pm",,1,,,,,,,,,,,,,,,,,Bronx,40.837328,-73.919783,https://www.safehorizon.org/
Safe Horizon,Crime Victim Assistance Program Bronx 45th Precinct ,2877 Barkley Avenue  ,"Bronx, NY 10465",800-621-4763,,1,1,,1,,,,,,,,,,,,1,1,1,1,1,1,1,1,1,,Monday - Friday: 8 am - 8 pm,,1,,,,,,,,,,,,,,,,,Bronx,40.830843,-73.827329,https://www.safehorizon.org/
Safe Horizon,Crime Victim Assistance Program Bronx 46th Precinct ,2120 Ryer Avenue ,"Bronx, NY 10457",800-621-4763,,1,1,,1,,,,,,,,,,,,1,1,1,1,1,1,1,1,1,,"Crime advocacy services - Monday - Friday: 12 pm - 8 pm
Domestic violence advocacy services - Monday - Friday: 8 am - 4 pm",,1,,,,,,,,,,,,,,,,,Bronx,40.85399,-73.900111,https://www.safehorizon.org/
Safe Horizon,Crime Victim Assistance Program Bronx 47th Precinct ,4111 Laconia Avenue  ,"Bronx, NY 10466",718-920-1209,,1,1,,1,,,,,,,,,,,,1,1,1,1,1,1,1,1,1,,"Crime advocacy services - Monday - Friday: 8 am - 4 pm
Domestic violence advocacy services - Monday - Friday: 12 pm - 8 pm",,1,,,,,,,,,,,,,,,,,Bronx,40.887422,-73.847585,https://www.safehorizon.org/
Safe Horizon,Crime Victim Assistance Program Bronx 48th Precinct ,450 Cross Bronx Expressway,"Bronx, NY 10457",800-621-4763,,1,1,,1,,,,,,,,,,,,1,1,1,1,1,1,1,1,1,,"Crime advocacy services - Monday - Friday: 8 am - 4 pm
Domestic violence advocacy services - Monday - Friday: 12 pm - 8 pm",,1,,,,1,,,,,,,,Mandigo,,,,,Bronx,40.843923,-73.900446,https://www.safehorizon.org/
Safe Horizon,Crime Victim Assistance Program Bronx 49th Precinct ,2121 Echester Road ,"Bronx, NY 10461",718-918-2080,,1,1,,1,,,,,,,,,,,,1,1,1,1,1,1,1,1,1,,"Crime advocacy services - Monday - Friday: 12 pm - 8 pm
Domestic violence advocacy services - Monday - Friday: 8 am - 4 pm",,1,,,,,,,,,,,,Wolof,,,,,Bronx,40.856074,-73.844369,https://www.safehorizon.org/
Safe Horizon,Crime Victim Assistance Program Bronx 50th Precinct ,3450 Kingsbridge Avenue ,"Bronx, NY 10463",800-621-4763,,1,1,,1,,,,,,,,,,,,1,1,1,1,1,1,1,1,1,,"Crime advocacy services - Monday - Friday: 12 pm - 8 pm
Domestic violence advocacy services - Monday - Friday: 8 am - 4 pm",,1,,,,,,,,,,,,,,,,,Bronx,40.88355,-73.902366,https://www.safehorizon.org/
Safe Horizon,Crime Victim Assistance Program Bronx 52nd Precinct ,3016 Webster Avenue  ,"Bronx, NY 10467",718-220-7170,,1,1,,1,,,,,,,,,,,,1,1,1,1,1,1,1,1,1,,"Crime advocacy services - Monday - Friday: 12 pm - 8 pm
Domestic violence advocacy services - Monday - Friday: 8 am - 4 pm",,1,,,,,,,,,,,,,,,,,Bronx,40.869244,-73.879806,https://www.safehorizon.org/
Safe Horizon,Crime Victim Assistance Program Brooklyn 61st Precinct ,2575 Coney Island Avenue ,"Brooklyn, NY 11223",718-339-2612,,1,1,,1,,,,,,,,,,,,1,1,1,1,1,1,1,1,1,,"Crime advocacy services - Monday - Friday: 12 pm - 8 pm
Domestic violence advocacy services - Monday - Friday: 8 am - 4 pm",,1,,,,1,1,,1,,,,,,,,,,Brooklyn,40.594104,-73.960486,https://www.safehorizon.org/
Safe Horizon,Crime Victim Assistance Program Brooklyn 62nd Precinct ,1925 Bath Avenue ,"Brooklyn, NY 11214",800-621-4763,,1,1,,1,,,,,,,,,,,,1,1,1,1,1,1,1,1,1,,"Crime advocacy services - Monday - Friday: 12 pm - 8 pm
Domestic violence advocacy services - Monday - Friday: 8 am - 4 pm",,1,,,,,,,,,,,,,,,,,Brooklyn,40.602557,-74.003036,https://www.safehorizon.org/
Safe Horizon,Crime Victim Assistance Program Brooklyn 63rd Precinct ,1844 Brooklyn Avenue  ,"Brooklyn, NY 11210",800-621-4763,,1,1,,1,,,,,,,,,,,,1,1,1,1,1,1,1,1,1,,"Crime advocacy services - Monday - Friday: 8 am - 4 pm
Domestic violence advocacy services - Monday - Friday: 12 pm - 8 pm",,1,,,,1,1,,,,,,,,,,,,Brooklyn,40.627959,-73.941431,https://www.safehorizon.org/
Safe Horizon,Crime Victim Assistance Program Brooklyn 66th Precinct ,5822 16th Avenue  ,"Brooklyn, NY 11204",800-621-4763,,1,1,,1,,,,,,,,,,,,1,1,1,1,1,1,1,1,1,,"Crime advocacy services - Monday - Friday: 12 pm - 8 pm
Domestic violence advocacy services - Monday - Friday: 8 am - 4 pm",,1,,,,,,,,,,,,Cantonese,,,,,Brooklyn,40.625712,-73.991385,https://www.safehorizon.org/
Safe Horizon,Crime Victim Assistance Program Brooklyn 68th Precinct ,333 65th Street ,"Brooklyn, NY 11220",718-439-4020,,1,1,,1,,,,,,,,,,,,1,1,1,1,1,1,1,1,1,,"Crime advocacy services - Monday - Friday: 12 pm - 8 pm
Domestic violence advocacy services - Monday - Friday: 8 am - 4 pm",,,1,,,,,,,,1,,,,,,,,Brooklyn,40.639035,-74.022699,https://www.safehorizon.org/
Safe Horizon,Crime Victim Assistance Program Brooklyn 69th Precinct ,9720 Foster Avenue  ,"Brooklyn, NY 11236",718-257-6274,,1,1,,1,,,,,,,,,,,,1,1,1,1,1,1,1,1,1,,"Crime advocacy services - Monday - Friday: 12 pm - 8 pm
Domestic violence advocacy services - Monday - Friday: 8 am - 4 pm",,,,,,,1,,,,,,,,,,,,Brooklyn,40.648474,-73.904975,https://www.safehorizon.org/
Safe Horizon,Crime Victim Assistance Program Brooklyn 70th Precinct ,154 Lawrence Avenue  ,"Brooklyn, NY 11230",800-621-4763,,1,1,,1,,,,,,,,,,,,1,1,1,1,1,1,1,1,1,,"Crime advocacy services - Monday - Friday: 12 pm - 8 pm
Domestic violence advocacy services - Monday - Friday: 8 am - 4 pm",,1,,,,,,,,,,,,,,,,,Brooklyn,40.630533,-73.973845,https://www.safehorizon.org/
Safe Horizon,Crime Victim Assistance Program Brooklyn 71st Precinct ,421 Empire Boulevard ,"Brooklyn, NY 11225",718-735-5776,,1,1,,1,,,,,,,,,,,,1,1,1,1,1,1,1,1,1,,"Crime advocacy services - Monday - Friday: 12 pm - 8 pm
Domestic violence advocacy services - Monday - Friday: 8 am - 4 pm",,1,,,,1,,,,,,,,,,,,,Brooklyn,40.66458,-73.947886,https://www.safehorizon.org/
Safe Horizon,Crime Victim Assistance Program Brooklyn 72nd Precinct ,830 4th Avenue  ,"Brooklyn, NY 11232",800-621-4763,,1,1,,1,,,,,,,,,,,,1,1,1,1,1,1,1,1,1,,"Crime advocacy services - Monday - Friday: 8 am - 4 pm
Domestic violence advocacy services - Monday - Friday: 12 pm - 8 pm",,1,,,,,,1,1,,,,,American Sign Language,,,,,Brooklyn,40.658209,-74.001057,https://www.safehorizon.org/
Safe Horizon,Crime Victim Assistance Program Brooklyn 77th Precinct ,127 Utica Avenue ,"Brooklyn, NY 11213",800-621-4763,,1,1,,1,,,,,,,,,,,,1,1,1,1,1,1,1,1,1,,"Crime advocacy services - Monday - Friday: 12 pm - 8 pm
Domestic violence advocacy services - Monday - Friday: 8 am - 4 pm",,1,,,,,1,,,,,,,,,,,,Brooklyn,40.674707,-73.930258,https://www.safehorizon.org/
Safe Horizon,Crime Victim Assistance Program Brooklyn 78th Precinct ,65 6th Avenue  ,"Brooklyn, NY 11217",718-623-4184,,1,1,,1,,,,,,,,,,,,1,1,1,1,1,1,1,1,1,,"Crime advocacy services - Monday - Friday: 12 pm - 8 pm
Domestic violence advocacy services - Monday - Friday: 8 am - 4 pm",,1,,,,1,,1,,,,,,,,,,,Brooklyn,40.680587,-73.974158,https://www.safehorizon.org/
Safe Horizon,Crime Victim Assistance Program Brooklyn 81st Precinct ,30 Ralph Avenue  ,"Brooklyn, NY 11221",800-621-4763,,1,1,,1,,,,,,,,,,,,1,1,1,1,1,1,1,1,1,,"Crime advocacy services - Monday - Friday: 12 pm - 8 pm
Domestic violence advocacy services - Monday - Friday: 8 am - 4 pm",,1,,,,,,,,,,,,,,,,,Brooklyn,40.689663,-73.924352,https://www.safehorizon.org/
Safe Horizon,Crime Victim Assistance Program Brooklyn 88th Precinct ,298 Classon Avenue  ,"Brooklyn, NY 11205",718-636-3059,,1,1,,1,,,,,,,,,,,,1,1,1,1,1,1,1,1,1,,"Crime advocacy services - Monday - Friday: 8 am - 4 pm
Domestic violence advocacy services - Monday - Friday: 12 pm - 8 pm",,,,,,,1,,,,,,,,,,,,Brooklyn,40.690086,-73.960496,https://www.safehorizon.org/
Safe Horizon,Crime Victim Assistance Program Brooklyn 90th Precinct ,211 Union Avenue  ,"Brooklyn, NY 11211",800-621-4763,,1,1,,1,,,,,,,,,,,,1,1,1,1,1,1,1,1,1,,"Crime advocacy services - Monday - Friday: 8 am - 4 pm
Domestic violence advocacy services - Monday - Friday: 12 pm - 8 pm",,1,,,,,,,,,,,,,,,,,Brooklyn,40.706203,-73.950801,https://www.safehorizon.org/
Safe Horizon,Crime Victim Assistance Program Queens 102nd Precinct ,87-34 118th Street,"Richmond Hill, NY 11418",718-805-3260,,1,1,,1,,,,,,,,,,,,1,1,1,1,1,1,1,1,1,,"Crime advocacy services - Monday - Friday: 12 pm - 8 pm
Domestic violence advocacy services - Monday - Friday: 8 am - 4 pm",,,,,,,1,,,,,,,,,,,,Queens,40.69872,-73.83155,https://www.safehorizon.org/
Safe Horizon,Crime Victim Assistance Program Queens 103rd Precinct ,168-02 91st Avenue  ,"Jamaica, NY 11434",800-621-4763,,1,1,,1,,,,,,,,,,,,1,1,1,1,1,1,1,1,1,,"Crime advocacy services - Monday - Friday: 12 pm - 8 pm
Domestic violence advocacy services - Monday - Friday: 8 am - 4 pm",,1,,,,,,,,,,,,,,,,,Queens,40.707255,-73.792691,https://www.safehorizon.org/
Safe Horizon,Crime Victim Assistance Program Queens 104th Precinct ,64-2 Catalpa Avenue  ,"Ridgewood, NY 11385",718-386-3097,,1,1,,1,,,,,,,,,,,,1,1,1,1,1,1,1,1,1,,"Crime advocacy services - Monday - Friday: 8 am - 4 pm
Domestic violence advocacy services - Monday - Friday: 12 pm - 8 pm",,1,,,,,,,,,,,,,,,,,Queens,40.704401,-73.893917,https://www.safehorizon.org/
Safe Horizon,Crime Victim Assistance Program Queens 106th Precinct ,103-53 101st Street,"Ozone Park, NY 11417",800-621-4763,,1,1,,1,,,,,,,,,,,,1,1,1,1,1,1,1,1,1,,"Crime advocacy services - Monday - Friday: 8 am - 4 pm
Domestic violence advocacy services - Monday - Friday: 12 pm - 8 pm",,1,,1,,,,,,,,,,,,,,,Queens,40.682174,-73.839718,https://www.safehorizon.org/
Safe Horizon,Crime Victim Assistance Program Queens 108th Precinct ,547 50th Avenue ,"Long Island City, NY 11101",718-784-6807,,1,1,,1,,,,,,,,,,,,1,1,1,1,1,1,1,1,1,,"Crime advocacy services - Monday - Friday: 8 am - 4 pm
Domestic violence advocacy services - Monday - Friday: 12 pm - 8 pm",,1,,1,,,,,,,,,,Hindi,,,,,Queens,40.743043,-73.954743,https://www.safehorizon.org/
Safe Horizon,Crime Victim Assistance Program Queens 109th Precinct ,37-05 Union Street,"Flushing, NY 11354",800-621-4763,,1,1,,1,,,,,,,,,,,,1,1,1,1,1,1,1,1,1,,"Crime advocacy services - Monday - Friday: 8 am - 4 pm
Domestic violence advocacy services - Monday - Friday: 12 pm - 8 pm",,1,,,,,,,,,,,,,,,,,Queens,40.7623,-73.82722,https://www.safehorizon.org/
Safe Horizon,Crime Victim Assistance Program Queens 110th Precinct ,9441 43rd Avenue  ,"Corona, NY 11373",800-621-4763,,1,1,,1,,,,,,,,,,,,1,1,1,1,1,1,1,1,1,,"Crime advocacy services - Monday - Friday: 8 am - 4 pm
Domestic violence advocacy services - Monday - Friday: 12 pm - 8 pm",,,,,,,,,,,,,,,,,,,Queens,40.745083,-73.870158,https://www.safehorizon.org/
Safe Horizon,Crime Victim Assistance Program Queens 111th Precinct ,45-06 215th Street ,"Bayside, NY 11361",718-279-0225,,1,1,,1,,,,,,,,,,,,1,1,1,1,1,1,1,1,1,,"Crime advocacy services - Monday - Friday: 8 am - 4 pm
Domestic violence advocacy services - Monday - Friday: 12 pm - 8 pm",,1,,,,,,,,,,,,,,,,,Queens,40.76021,-73.767756,https://www.safehorizon.org/
Safe Horizon,Crime Victim Assistance Program Queens 112th Precinct ,68-40 Austin Street ,"Flushing, NY 11375",718-520-6478,,1,1,,1,,,,,,,,,,,,1,1,1,1,1,1,1,1,1,,"Crime advocacy services - Monday - Friday: 12 pm - 8 pm
Domestic violence advocacy services - Monday - Friday: 8 am - 4 pm",,1,,,,,,,,,,,,,,,,,Queens,40.722358,-73.851468,https://www.safehorizon.org/
Safe Horizon,Crime Victim Assistance Program Queens 113th Precinct ,167-02 Baisley Boulevard ,"Jamaica, NY 11434",800-621-4763,,1,1,,1,,,,,,,,,,,,1,1,1,1,1,1,1,1,1,,"Crime advocacy services - Monday - Friday: 12 pm - 8 pm
Domestic violence advocacy services - Monday - Friday: 8 am - 4 pm",,,,,,,,,,,,,,,,,,,Queens,40.679784,-73.775774,https://www.safehorizon.org/
Safe Horizon,Crime Victim Assistance Program Queens 114th Precinct ,34-16 Astoria Boulevard  South,"Astoria, NY 11103",718-626-2007,,1,1,,1,,,,,,,,,,,,1,1,1,1,1,1,1,1,1,,"Crime advocacy services - Monday - Friday: 12 pm - 8 pm
Domestic violence advocacy services - Monday - Friday: 8 am - 4 pm",,,,1,,,,,,,,1,,Punjabi,,,,,Queens,40.769299,-73.915284,https://www.safehorizon.org/
Safe Horizon,Crime Victim Assistance Program Queens 115th Precinct ,92-15 Northern Boulevard  ,"Jackson Heights, NY 11372",800-621-4763,,1,1,,1,,,,,,,,,,,,1,1,1,1,1,1,1,1,1,,"Crime advocacy services - Monday - Friday: 12 pm - 8 pm
Domestic violence advocacy services - Monday - Friday: 8 am - 4 pm",,1,,,,,,,,,,,,,,,,,Queens,40.756591,-73.875945,https://www.safehorizon.org/
Safe Horizon,Crime Victim Assistance Program Staten Island 121st precinct ,970 Richmond Avenue ,"Staten Island, NY 10314",718-697-8704,,1,1,,1,,,,,,,,,,,,1,1,1,1,1,1,1,1,1,,"Crime advocacy services - Monday - Friday: 8 am - 4 pm
Domestic violence advocacy services - Monday - Friday: 12 pm - 8 pm",,1,,,,,,,,,,,,,,,,,Staten Island,40.623608,-74.149199,https://www.safehorizon.org/
Safe Horizon,Crime Victim Assistance Program Staten Island 122nd precinct ,2320 Hylan Boulevard ,"Staten Island, NY 10306",718-667-3210,,1,1,,1,,,,,,,,,,,,1,1,1,1,1,1,1,1,1,,"Crime advocacy services - Monday - Friday: 12 pm - 8 pm
Domestic violence advocacy services - Monday - Friday: 8 am - 4 pm",,1,,,,,,,,,,,,,,,,,Staten Island,40.574142,-74.105526,https://www.safehorizon.org/
Safe Horizon,Staten Island Family Justice Center ,126 Stuyvesant Place ,"Staten Island, NY 10301",718-697-4300,,1,1,1,1,1,0,0,0,1,0,0,0,0,1,,1,,1,,,1,1,1,1,"Serves victims of intimate partner violence, elder abuse and/or sex trafficking",Monday - Friday: 9 am - 5 pm,0,1,,,,,,,,,,,,,1,,,,Staten Island,40.642917,-74.077273,https://www.safehorizon.org/
Sanctuary for Families,Bronx Family Justice Center,"198 E 161st Street, 2nd Floor","Bronx, NY 10451",718-508-1220,,1,1,1,1,1,,,,1,,,,1,,Childcare services,1,,,,,1,1,1,1,"Serves victims of intimate partner violence, elder abuse and/or sex trafficking",Monday - Friday: 9 am - 5 pm,,1,,,,,,,,,,,,"Japanese, Greek, Africaans, Twi",1,,"Immigrants, LGBTQ, human trafficking survivors, Orthodox Jewish communities",,Bronx,40.825852,-73.921006,https://sanctuaryforfamilies.org/
Sanctuary for Families,Brooklyn Family Justice Center,350 Jay Street,"Brooklyn, NY 11201",718-250-5111,,1,,1,,1,,,,,,,,,,,1,,,,,1,1,1,1,"Serves victims of intimate partner violence, elder abuse and/or sex trafficking",Monday - Friday: 9 am - 5 pm,,1,,,,1,,,,,1,,,"Bambara, Portuguese",1,,"Immigrants, LGBTQ, human trafficking survivors, Orthodox Jewish communities",,Brooklyn,40.69347,-73.9881,https://sanctuaryforfamilies.org/
Sanctuary for Families,Manhattan Family Justice Center,80 Centre Street,"Manhattan, NY 10013",212-602-2800,,1,1,1,1,1,,,,1,,,,1,,Childcare services,1,,,,,1,1,1,1,"Serves victims of intimate partner violence, elder abuse and/or sex trafficking",Monday - Friday: 9 am - 5 pm,,1,,1,,1,,,,,1,,,"Twi, Greek, Thai, Armenian",1,,"Immigrants, LGBTQ, human trafficking survivors, Orthodox Jewish communities",,Manhattan,40.715453,-74.00157,https://sanctuaryforfamilies.org/
Sanctuary for Families,Queens Family Justice Center ,126-02 82nd Avenue ,"Queens, NY 11415",718-575-4545,,1,1,1,1,1,,,,1,,,,,,Childcare services,1,,,,,1,1,1,1,"Serves victims of intimate partner violence, elder abuse and/or sex trafficking",Monday - Friday: 9 am - 5 pm,,1,,,1,1,,1,,,,,,Dutch,1,,"Immigrants, LGBTQ, human trafficking survivors, Orthodox Jewish communities",,Queens,40.713429,-73.82753,https://sanctuaryforfamilies.org/
Sanctuary for Families,Staten Island Family Justice Center,126 Stuyvesant Place ,"Staten Island, NY 10301",718-697-4300,,,,1,,,,,,,,,,,,,1,,,,,1,1,1,1,"Serves victims of intimate partner violence, elder abuse and/or sex trafficking",Monday - Friday: 9 am - 5 pm,,1,,,,,,,,,,,,,1,,"Immigrants, LGBTQ, human trafficking survivors, Orthodox Jewish communities",,Staten Island,40.642917,-74.077273,https://sanctuaryforfamilies.org/
Seamen's Society for Children and Families,Administrative Office,50 Bay Street ,"Staten Island, NY 10301-1827",718-447-7740 ,4792,1,1,,1,,,,,1,,,,1,,,1,1,1,,,1,1,,,,Monday - Friday: 9 am - 5 pm,Saturday-Sunday: 9 am - 4:45 pm,1,,,,,,,,,,,,,1,,Spanish-speaking communities,,Staten Island,40.640886,-74.076068,http://seamenssociety.org/
Sephardic Bikur Holim,,425 Kings Hwy ,"Brooklyn, NY 11223",718-787-1100,,1,1,,1,1,1,,,1,,1,,1,,,1,1,1,,,1,1,1,1,,Monday - Friday: 9 am - 5 pm,,,1,,,,,,,,,,,Hebrew,,,Orthodox Jewish communities,,Brooklyn,40.604742,-73.974898,https://sbhonline.org/
"Shalom Task Force, Inc.",Administrative Office,"25 Broadway, 4th Floor","New York, NY 10004-1066",212-742-1478 ,8,1,1,1,1,,,,,,,,,,,,1,,,,,1,1,1,1,Call to confirm eligibility,Monday - Friday: 9 am - 5 pm,,,,,,,,,,,,,1,,,,Orthodox Jewish communities,,Manhattan,40.705756,-74.014014,https://www.shalomtaskforce.org/
"Shalom Task Force, Inc.",Brooklyn Legal Services,"105 Court Street, 4th Floor","Brooklyn, NY 11201",347-592-2124,,1,1,1,1,,,,,,,,,,,,1,1,1,,,1,1,1,1,Call to confirm eligibility ,Monday - Friday: 9 am - 5 pm,,,,,,,,,,,1,,,,,,Orthodox Jewish communities,,Brooklyn,40.690776,-73.991542,https://www.shalomtaskforce.org/legal-services
"Sheltering Arms Children and Family Services, Inc",Jamaica Youth Drop-in Center,"89-74 162nd Street, 3rd Floor","Jamaica, NY 11432",718-526-2400 ,2077,1,,,,,,,,,,,,1,,,1,1,0,0,0,1,1,,,Serves victims who are under 24 years of age ,Monday - Friday: 10 am - 6 pm,Saturday-Sunday: 10 am - 6 pm,1,,,,,,,,,,,,,,,"Runaway, homeless, and LGBTQI communities",,Queens,40.704725,-73.798159,https://shelteringarmsny.org/
"Sheltering Arms Children and Family Services, Inc",Far Rockaway Youth Drop-in Center,1600 Central Avenue,"Far Rockaway, NY 11691",718-471-6818 ,2123,1,,,,,,,,,,,,1,,,1,1,0,0,0,1,1,,,Serves victims who are under 24 years of age ,Monday - Friday: 10 am - 6 pm,Saturday-Sunday: 10 am - 6 pm,1,,,,,,,,,,,,,,,"Runaway, homeless, and LGBTQI communities",,Queens,40.605196,-73.752277,https://shelteringarmsny.org/
"Sheltering Arms Children and Family Services, Inc",Jamaica Youth Drop-in Center,"89-74 162nd Street, 3rd Floor","Jamaica, NY 11432",718-526-2400 ,2077,,,,,,,,,1,,,,,,,1,1,0,0,0,1,1,,,,Monday - Friday: 10 am - 6 pm,Saturday-Sunday: 10 am - 6 pm,1,,,,,,,,,,,,,,,"Runaway, homeless, and LGBTQI communities",,Queens,40.704725,-73.798159,https://shelteringarmsny.org/
"Sheltering Arms Children and Family Services, Inc",Far Rockaway Youth Drop-in Center,1600 Central Avenue,"Far Rockaway, NY 11691",718-471-6818 ,2123,,,,,,,,,1,,,,,,,1,1,0,0,0,1,1,,,,Monday - Friday: 10 am - 6 pm,Saturday-Sunday: 10 am - 6 pm,1,,,,,,,,,,,,,,,"Runaway, homeless, and LGBTQI communities",,Queens,40.605196,-73.752277,https://shelteringarmsny.org/
Staten Island Legal Services,,"36 Richmond Terrace, Suite 205 ","Staten Island, NY 10301",718-233-6480,,1,1,1,1,1,,,,,,1,1,,,,1,1,1,,,1,1,1,1,Call to confirm eligibility,Monday - Friday: 9 am - 5 pm,,1,1,1,1,1,1,1,1,1,1,1,1,,1,,,,Staten Island,40.643552,-74.07655,http://www.legalservicesnyc.org/our-program/staten-island
The Center for Anti-Violence Education,,327 7th Street ,"Brooklyn,  NY  11215",718-788-1775,,,,,1,,,,,,,,,,,Self-defense classes,1,,1,,,1,1,1,1,Serves domestic violence victims,Monday - Friday: 10 am - 6 pm,Call to inquire about weekend hours of operation ,1,,,,,,,,,,,,,,,LGBTQ Youth,Other (please specify),Brooklyn,40.670586,-73.985396,http://caeny.org/
Urban Resource Institute,Administrative Office,"75 Broad Street, Suite 505 ","New York,  NY  10004",636-588-0030,,1,1,1,1,1,1,,,,,1,,1,,,1,1,,,,1,1,1,1,Call to confirm eligibility,Monday - Friday: 9 am - 5 pm,,1,,,,,,,,,,,,,,,,,Manhattan,40.704687,-74.01123,http://urinyc.org/
"Volunteers of America Greater New York, Inc",Schwartz Assessment Shelter,65 Charles Gay Loop ,"New York,  NY  10035",212-873-2600,,1,,,,,1,,,1,,,1,,,,1,1,,,,1,1,1,1,,Monday - Friday: 9 am - 5 pm,,1,,,,,,,,,,,,,,DHS Prevention Assistance and Temporary Housing (PATH),,,Manhattan,40.784603,-73.932133,https://www.voa-gny.org/
"Volunteers of America Greater New York, Inc",Jamaica Employment Shelter,9305 168th Street,"Jamaica,  NY  11433",212-873-2600,,1,,,,,1,,,1,,,1,,,,1,1,,,,1,1,1,1,,Monday - Friday: 9 am - 5 pm,,1,,,,,,,,,,,,,,DHS Prevention Assistance and Temporary Housing (PATH),,,Queens,40.704611,-73.791127,https://www.voa-gny.org/
"Volunteers of America Greater New York, Inc",Cromwell Safe Haven,1375 Cromwell Avenue  ,"Bronx,  NY  10452",212-873-2600,,1,,,,,1,,,1,,,1,,,,1,1,,,,1,1,1,1,,Monday - Friday: 9 am - 5 pm,,1,,,,,,,,,,,,,,DHS Prevention Assistance and Temporary Housing (PATH),Veteran and chronically homeless populations,,Bronx,40.84044,-73.920492,https://www.voa-gny.org/
"Volunteers of America Greater New York, Inc",Regent Family Residence,2720 Broadway,"New York,  NY  10025",212-873-2600,,1,,,,,1,,,1,,,1,,,,1,1,,,,1,1,1,1,,Monday - Friday: 9 am - 5 pm,,1,,,,,,,,,,,,,,DHS Prevention Assistance and Temporary Housing (PATH),,,Manhattan,40.799776,-73.96772,https://www.voa-gny.org/
"Volunteers of America Greater New York, Inc",University Family Residence,1041 University Avenue ,"Bronx,  NY  10452",212-873-2600,,1,,,,,1,,,1,,,1,,,,1,1,,,,1,1,1,1,,Monday - Friday: 9 am - 5 pm,,1,,,,,,,,,,,,,,DHS Prevention Assistance and Temporary Housing (PATH),,,Bronx,40.834407,-73.930736,https://www.voa-gny.org/
"Volunteers of America Greater New York, Inc",Lydia E. Hoffman Family Residence,855 E 175th Street,"Bronx,  NY  10460",212-873-2600,,1,,,,,1,,,1,,,1,,,,1,1,,,,1,1,1,1,,Monday - Friday: 9 am - 5 pm,,1,,,,,,,,,,,,,,DHS Prevention Assistance and Temporary Housing (PATH),,,Bronx,40.840375,-73.888838,https://www.voa-gny.org/
"Volunteers of America Greater New York, Inc",Bushwick Family Residence,1675 Broadway,"Brooklyn,  NY  11207",212-873-2600,,1,,,,,1,,,1,,,1,,,,1,1,,,,1,1,1,1,,Monday - Friday: 9 am - 5 pm,,1,,,,,,,,,,,,,,DHS Prevention Assistance and Temporary Housing (PATH),,,Brooklyn,40.684445,-73.912374,https://www.voa-gny.org/
Womankind,Manhattan Community Office,"9 Mott Street, Suite 200","New York,  NY  10013",888-888-7702,,1,1,,1,1,1,,,,,,1,1,,,1,1,1,,,1,1,1,1,Serves human trafficking victims,Monday - Friday: 9 am - 5 pm,,,,0,1,,,,,,,,,Japanese,,,Asian survivors of gender-based violence ,,Manhattan,40.713957,-73.998865,https://www.iamwomankind.org/
Womankind,Brooklyn Community Office,504 62nd Street,"Brooklyn,  NY  11220",888-888-7703,,1,1,,1,1,1,,,,,,1,1,,,1,1,1,,,1,1,1,1,Serves human trafficking victims,Monday - Friday: 9 am - 5 pm,,,,1,1,,,,,,,,,"Hindi, Taiwanese, Vietnamese ",,,Asian survivors of gender-based violence ,,Brooklyn,40.638089,-74.017054,https://www.iamwomankind.org/
Womankind,Queens Community Office,"86-26 Broadway, 2nd Floor","New York,  NY  11373",888-888-7704,,1,1,,1,1,1,,,,,,1,1,,,1,1,1,,,1,1,1,1,Serves human trafficking victims,Monday - Friday: 9 am - 5 pm,,1,,1,1,,,,1,,,1,,"Bahasa Indonesia, Hindi, Japanese, Tagalog, Nepali",,,Asian survivors of gender-based violence ,,Queens,40.737828,-73.877477,https://www.iamwomankind.org/
